criterion,description,value,comparison,threshold,passed
R1,Cycles per window,324.1176824578232,>,10.0,True
R2,Total cycles,285223.56056288444,>,200.0,True
R3,"Maximum amplitude scatter in [f0/2, 2*f0]",1.4498335836155938,<,2.0,True
C1,Minimum amplitude below peak / A0,0.2444391299807621,<,0.5,True
C2,Minimum amplitude above peak / A0,0.2556105565104915,<,0.5,True
C3,Peak amplitude,5.181506474064968,>,2.0,True
C4,Maximum relative shift of +/-1 sigma peaks,0.006755675874917988,<,0.05,True
C5,Window-peak frequency standard deviation / f0,0.35958075926770655,<,0.05,False
C6,Amplitude scatter at f0,1.197977979490822,<,1.58,True
