window_length_s,smoothing_bandwidth,smoothing_scale,anti_trigger,frequency_domain_rejection,n_grid_windows,n_windows_time_selection,n_windows,valid_fraction,f0_mean_curve_hz,A0_mean_curve,f0_windows_hz,f0_windows_std,f0_windows_low_hz,f0_windows_high_hz,A0_windows,n_windows_f0,A0_at_f0_windows,window_peak_range_hz,fdr_iterations,runtime_s,reliability_count,clarity_count,sesame_passed,retained_fraction,peak_coverage_fraction,frequency_coverage_complete,fn_std_hz,fn_std_relative,sigma_a_at_peak,block_global_max_deviation_pct,block_tracked_max_deviation_pct,time_blocks_complete,R1,R2,R3,C1,C2,C3,C4,C5,C6,global_peak_stable
32.0,40.0,linear,False,False,880,880,880,1.0,10.128677576806975,5.181506474064968,7.740337296103978,0.8810307121323925,3.2072521831130563,18.68042113211847,6.1802535360713,880,4.170860999208449,"(0.2, 45.0)",,0.31,3,5,True,1.0,1.0,True,3.642077573446046,0.35958075926770655,1.197977979490822,42.26013539528501,1.3465712593309198,True,True,True,True,True,True,True,True,False,True,False
16.0,40.0,linear,False,False,1760,1760,1760,1.0,10.128677576806975,5.3710095942706655,6.71715505320013,1.0881321080333453,2.2626407433960742,19.941376968669644,6.7303475194631375,1760,4.165324717060046,"(0.2, 45.0)",,0.77,3,5,True,1.0,1.0,True,4.319424515665542,0.4264549328291703,1.2177660897170781,40.34450129856681,0.6755675874917988,True,True,True,True,True,True,True,True,False,True,False
16.0,40.0,linear,False,True,1760,1760,1513,1.0,10.128677576806975,5.468723565357916,9.904394419570428,0.25727910108756863,7.657606276170188,12.81040383646876,6.400425854446438,1513,5.350280775474772,"(0.2, 45.0)",5.0,0.89,3,5,True,0.8596590909090909,1.0,True,2.6624621899608796,0.2628637519331729,1.191990090822681,40.34450129856681,0.6755675874917988,True,True,True,True,True,True,True,True,False,True,False
16.0,40.0,linear,True,False,1760,1353,1353,0.9712,10.128677576806975,5.447988473594826,6.771773932962158,1.0555486149244147,2.3565871892784997,19.459039074716124,6.648241647563301,1353,4.222029718797076,"(0.2, 45.0)",,0.75,3,5,True,0.76875,1.0,True,3.9461343767397348,0.38960015725801567,1.182638524257711,40.34450129856681,0.6755675874917988,True,True,True,True,True,True,True,True,False,True,False
128.0,40.0,log,False,False,220,220,220,1.0,9.924783058551832,5.03115432994569,8.598126729797045,0.5717709057301003,4.8538560537629305,15.230732523338476,6.112475839945623,220,4.475485399293305,"(0.2, 45.0)",,0.26,3,4,False,1.0,1.0,True,3.310654714021609,0.3335745168927331,1.1658965445118785,52.23772944475697,0.6801625451893223,True,True,True,True,True,True,True,False,False,True,False
128.0,30.0,log,False,False,220,220,220,1.0,9.791138782334428,4.833353558066045,8.8926195484089,0.5845146173157422,4.956535710115315,15.954426046272616,5.727116863774075,220,4.5543237578183335,"(0.2, 45.0)",,0.28,3,4,False,1.0,1.0,True,3.826336571267542,0.3907958671948532,1.169320487992911,53.27319346008692,0.6801625451893667,True,True,True,True,True,True,True,False,False,True,False
128.0,40.0,linear,False,False,220,220,220,1.0,10.060251514056517,4.865909796224421,8.70153407580353,0.5697616352728281,4.922111993639698,15.382968808960527,5.728358952178673,220,4.098394549639689,"(0.2, 45.0)",,0.22,3,4,False,1.0,1.0,True,3.183572604185205,0.3164505976552387,1.1737935035977543,47.16439787897719,0.6801625451893667,True,True,True,True,True,True,True,False,False,True,False
128.0,30.0,linear,False,False,220,220,220,1.0,9.924783058551832,4.587253964514657,8.947588288349586,0.584834032885726,4.9855812583956185,16.058174970670144,5.348296500891792,220,4.182823105781056,"(0.2, 45.0)",,0.22,3,4,False,1.0,1.0,True,3.760208440573944,0.3788705927767264,1.1773657073749118,48.1653549932034,0.6801625451893223,True,True,True,True,True,True,True,False,False,True,False
128.0,20.0,linear,False,False,220,220,220,1.0,9.52922484303554,4.326427798267257,9.306377368930464,0.5218306879265008,5.522712948966247,15.682267127273509,4.908678101812235,220,4.313831105558651,"(0.2, 45.0)",,0.28,3,4,False,1.0,1.0,True,3.291722772849198,0.3454344741644923,1.2264037476418994,54.31570031381816,2.0543977339581243,True,True,True,True,True,True,True,False,False,True,False
128.0,20.0,log,False,False,220,220,220,1.0,9.27431712774431,4.635877205462887,9.10415662694803,0.5197837740228537,5.413778659692467,15.310132367456282,5.24456124333492,220,4.628938632463905,"(0.2, 45.0)",,0.4,3,4,False,1.0,1.0,True,3.533074304618208,0.38095250097162886,1.2333710874509596,60.721346528251985,2.05439773395808,True,True,True,True,True,True,True,False,False,True,False
64.0,40.0,log,False,False,440,440,440,1.0,9.992287715607397,5.119555212678335,8.192979697498522,0.6827895811186421,4.139140145771779,16.21711610615372,6.2372994939975,440,4.584494784011295,"(0.2, 45.0)",,0.25,3,4,False,1.0,1.0,True,3.593590448952432,0.359636406719899,1.1762745601299243,51.20926068869478,0.6801625451893889,True,True,True,True,True,True,True,False,False,True,False
64.0,30.0,log,False,False,440,440,440,1.0,9.791138782334428,4.915661619571022,9.040562483380148,0.4967973619311022,5.5009677546453055,14.857707527349534,5.81173831064344,440,4.67835518904791,"(0.2, 45.0)",,0.3,3,4,False,1.0,1.0,True,3.468101690965764,0.354208204792588,1.17767782258449,53.27319346008692,0.6801625451893667,True,True,True,True,True,True,True,False,False,True,False
64.0,40.0,linear,False,False,440,440,440,1.0,10.060251514056517,4.9916721295433355,8.945796473602362,0.5359651851549445,5.234223836489919,15.289234287080644,5.834900970228122,440,4.177294309530816,"(0.2, 45.0)",,0.21,3,4,False,1.0,1.0,True,3.309555330727509,0.32897341841834554,1.184666017617169,46.17020290657934,0.6801625451893667,True,True,True,True,True,True,True,False,False,True,False
64.0,30.0,linear,False,False,440,440,440,1.0,9.924783058551832,4.689435959184868,9.353810990330198,0.4642831480759137,5.879670393017473,14.880728713420243,5.430772469272898,440,4.432100924089982,"(0.2, 45.0)",,0.26,3,4,False,1.0,1.0,True,3.4114176502261957,0.3437271757075535,1.1853373856155005,48.1653549932034,1.3649513012574888,True,True,True,True,True,True,True,False,False,True,False
64.0,20.0,linear,False,False,440,440,440,1.0,9.52922484303554,4.407974578211644,9.669418515990271,0.4228651312188048,6.335083811859679,14.758708363469786,4.980764852142589,440,4.402653720148745,"(0.2, 45.0)",,0.33,3,4,False,1.0,1.0,True,3.488952404144873,0.3661318167652203,1.2294484343420962,53.27319346008701,2.0543977339581243,True,True,True,True,True,True,True,False,False,True,False
64.0,20.0,log,False,False,440,440,440,1.0,9.27431712774431,4.7117606145599735,9.395694623899926,0.41527401055675134,6.202655799320962,14.232464338138247,5.316855672103422,440,4.707116644989174,"(0.2, 45.0)",,0.36,3,4,False,1.0,1.0,True,3.4463397784284924,0.37160038102629644,1.235520192399843,60.721346528251985,2.05439773395808,True,True,True,True,True,True,True,False,False,True,False
32.0,30.0,log,False,False,880,880,880,1.0,9.791138782334428,5.037306782557488,7.959272953865397,0.7696881703541558,3.686396740476019,17.18480956174915,6.067420475865309,880,4.573953271528128,"(0.2, 45.0)",,0.33,3,4,False,1.0,1.0,True,3.5901014977352474,0.3666684312771314,1.1839673530772323,52.23772944475695,0.6801625451893667,True,True,True,True,True,True,True,False,False,True,False
32.0,40.0,log,False,False,880,880,880,1.0,9.992287715607397,5.279550508671883,6.767689090665867,1.0096379481946531,2.4658134052629066,18.574647834325642,6.675195860758242,880,4.608874127947774,"(0.2, 45.0)",,0.3,3,4,False,1.0,1.0,True,3.8313185848698468,0.38342756873238754,1.188256377036665,49.173120242814036,0.6801625451893889,True,True,True,True,True,True,True,False,False,True,False
32.0,30.0,linear,False,False,880,880,880,1.0,9.992287715607397,4.834271026360496,8.913399116437857,0.6371199675646593,4.713523397227029,16.8554767025565,5.6178741739199545,880,4.311427060545346,"(0.2, 45.0)",,0.35,3,4,False,1.0,1.0,True,3.468123900153678,0.34708006803453645,1.1903074289966245,45.182724393171505,0.6801625451893889,True,True,True,True,True,True,True,False,False,True,False
32.0,20.0,linear,False,False,880,880,880,1.0,9.594039061264748,4.511190967033609,9.67068481121826,0.42509552787055105,6.321797594380459,14.793599972428854,5.1015278042180325,880,4.507927711005366,"(0.2, 45.0)",,0.42,3,4,False,1.0,1.0,True,3.51105774049377,0.36596241875535157,1.2261635696881934,51.20926068869478,1.3649513012575332,True,True,True,True,True,True,True,False,False,True,False
32.0,20.0,log,False,False,880,880,880,1.0,9.27431712774431,4.808762163204783,9.108365332962212,0.5047589108188836,5.498274676230313,15.088791288904439,5.4505048776144,880,4.79884234683464,"(0.2, 45.0)",,0.44,3,4,False,1.0,1.0,True,3.4884921585984374,0.37614544667256866,1.2362201063446618,59.63556520492681,2.05439773395808,True,True,True,True,True,True,True,False,False,True,False
16.0,30.0,log,False,False,1760,1760,1760,1.0,9.857734441079378,5.193076838711006,6.884521597074039,0.9948202679131236,2.545826564512198,18.617386699184078,6.472250647853873,1760,4.427216666372887,"(0.2, 45.0)",,0.97,3,4,False,1.0,1.0,True,4.281186861841733,0.43429724014486254,1.2008834914786461,49.173120242814036,0.6755675874918099,True,True,True,True,True,True,True,False,False,True,False
16.0,30.0,linear,False,False,1760,1760,1760,1.0,9.992287715607397,4.981813635036186,7.791663645338721,0.9139431991089276,3.1239905269722823,19.43348478106052,6.008868354878479,1760,4.193939958587737,"(0.2, 45.0)",,1.0,3,4,False,1.0,1.0,True,4.036711870409575,0.4039827500267487,1.2033238220168343,44.20191696453366,0.6801625451893889,True,True,True,True,True,True,True,False,False,True,False
16.0,40.0,log,False,False,1760,1760,1760,1.0,9.992287715607397,5.485940140092939,6.077373039825153,1.0954242972929527,2.0322595228511684,18.17408783174318,7.240461528085463,1760,3.457572169799494,"(0.2, 45.0)",,0.79,3,4,False,1.0,1.0,True,4.397539073898251,0.4400933198740405,1.2172483995626422,48.165354993203465,0.6801625451893889,True,True,True,True,True,True,True,False,False,True,False
16.0,20.0,linear,False,False,1760,1760,1760,1.0,9.594039061264748,4.620051407549,8.98156267040508,0.6865839177320759,4.520352448751735,17.845614676503835,5.305290357610781,1760,4.508210128727323,"(0.2, 45.0)",,1.31,3,4,False,1.0,1.0,True,3.8364355238968346,0.39987699647650704,1.230859388560806,50.18773993419596,1.3649513012575332,True,True,True,True,True,True,True,False,False,True,False
16.0,20.0,log,False,False,1760,1760,1760,1.0,9.337397559169304,4.9175286847198825,8.277762065995026,0.7519397641016669,3.9025605378863,17.55804789086979,5.69387520248794,1760,4.6880374342852935,"(0.2, 45.0)",,1.29,3,4,False,1.0,1.0,True,3.8005906598879458,0.4070289002695161,1.2374986805540757,57.48595856420686,1.3465712593308754,True,True,True,True,True,True,True,False,False,True,False
64.0,20.0,linear,False,True,440,440,433,1.0,9.52922484303554,4.459140768948367,9.88787330062533,0.27338815102211667,7.522668555845124,12.996722862826623,4.963815576724109,433,4.41440346801092,"(0.2, 45.0)",3.0,0.36,3,4,False,0.9840909090909091,1.0,True,2.963833231565641,0.31102563748737305,1.204068900748587,53.27319346008701,1.3649513012575332,True,True,True,True,True,True,True,False,False,True,False
128.0,20.0,linear,False,True,220,220,216,1.0,9.52922484303554,4.375709983436409,9.872594881125401,0.2805806490133913,7.457215415004575,13.070311673001829,4.886174446522739,216,4.33147070064494,"(0.2, 45.0)",2.0,0.31,3,4,False,0.9818181818181818,1.0,True,3.044520045630734,0.31949293838478693,1.2042005917961747,53.27319346008701,1.3649513012575332,True,True,True,True,True,True,True,False,False,True,False
64.0,20.0,log,False,True,440,440,432,1.0,9.27431712774431,4.780257588373528,9.58576282339799,0.2631310785365332,7.368011648549888,12.471050982190485,5.299004427709615,432,4.745436659199642,"(0.2, 45.0)",3.0,0.4,3,4,False,0.9818181818181818,1.0,True,2.8753652628244417,0.3100352536169728,1.2000743112545378,60.721346528251985,1.3649513012574888,True,True,True,True,True,True,True,False,False,True,False
32.0,20.0,linear,False,True,880,880,864,1.0,9.52922484303554,4.5620410266173845,9.91139915928551,0.2660288127051428,7.596265251853099,12.932122567826475,5.086075640539625,864,4.51549645797924,"(0.2, 45.0)",3.0,0.5,3,4,False,0.9818181818181818,1.0,True,2.872523291104635,0.3014435421999751,1.2058265705032447,52.23772944475704,1.3649513012575332,True,True,True,True,True,True,True,False,False,True,False
64.0,30.0,linear,False,True,440,440,428,1.0,9.924783058551832,4.748432731734914,9.747197638924714,0.2726509671792531,7.421111582106129,12.802376134775225,5.4096864930464434,428,4.707305914465242,"(0.2, 45.0)",4.0,0.31,3,4,False,0.9727272727272728,1.0,True,2.8845974973821704,0.29064589929717566,1.1520327972550788,47.16439787897715,0.6801625451893223,True,True,True,True,True,True,True,False,False,True,False
32.0,20.0,log,False,True,880,880,856,1.0,9.27431712774431,4.874871289297437,9.575822506045114,0.25533792353654133,7.417955716067415,12.361407937319475,5.417255848777318,856,4.841075356875254,"(0.2, 45.0)",2.0,0.46,3,4,False,0.9727272727272728,1.0,True,2.7878764177427224,0.3006017995009825,1.2073037961533308,59.63556520492681,1.3649513012574888,True,True,True,True,True,True,True,False,False,True,False
128.0,20.0,log,False,True,220,220,213,1.0,9.211662847268068,4.727803505595972,9.538630601836754,0.2655933087475056,7.313753550861022,12.440325357638718,5.222708007609924,213,4.700096673589978,"(0.2, 45.0)",4.0,0.39,3,4,False,0.9681818181818181,1.0,True,2.922576231113168,0.31726912714569505,1.2005602736888863,61.81451292946116,2.05439773395808,True,True,True,True,True,True,True,False,False,True,False
128.0,30.0,linear,False,True,220,220,212,1.0,9.924783058551832,4.674143858211347,9.594039061264745,0.27693232069518464,7.273296690852122,12.655277162671315,5.314355438707862,212,4.582085830487345,"(0.2, 45.0)",4.0,0.24,3,4,False,0.9636363636363636,1.0,True,2.928807382099843,0.29510039310896513,1.1250767756848827,48.1653549932034,0.6801625451893223,True,True,True,True,True,True,True,False,False,True,False
64.0,40.0,linear,False,True,440,440,424,1.0,10.060251514056517,5.079976142848333,9.537150139623497,0.25574352233909087,7.385002030927231,12.316480402416394,5.8111541869688885,424,4.6185670918811095,"(0.2, 45.0)",3.0,0.23,3,4,False,0.9636363636363636,1.0,True,2.6582124967908713,0.2642292285711474,1.1313418596779536,45.18272439317148,0.6801625451893667,True,True,True,True,True,True,True,False,False,True,False
128.0,40.0,linear,False,True,220,220,211,1.0,10.060251514056517,4.969337386363862,9.381899392952255,0.2603925699389028,7.231089139295061,12.172445191023979,5.698159183593058,211,4.422543485866057,"(0.2, 45.0)",4.0,0.22,3,4,False,0.9590909090909091,1.0,True,2.704494610215897,0.26882972124872695,1.1065240091947335,47.16439787897719,0.6801625451893667,True,True,True,True,True,True,True,False,False,True,False
64.0,30.0,log,False,True,440,440,421,1.0,9.791138782334428,4.993613687753653,9.504095219519142,0.2619094508236445,7.314168303717992,12.349705693232478,5.787652661824997,421,4.947481965744237,"(0.2, 45.0)",4.0,0.31,3,4,False,0.9568181818181818,1.0,True,2.809389437038472,0.2869318369899206,1.136982252101933,52.23772944475695,0.6801625451893667,True,True,True,True,True,True,True,False,False,True,False
32.0,30.0,linear,False,True,880,880,842,1.0,9.992287715607397,4.912154202990342,9.852894632873086,0.26712668354556035,7.543140444069087,12.869909206427357,5.597634332546545,842,4.895372510374271,"(0.2, 45.0)",4.0,0.39,3,4,False,0.9568181818181818,1.0,True,2.808228711388674,0.2810396168839671,1.1506676125886772,45.182724393171505,1.3465712593308754,True,True,True,True,True,True,True,False,False,True,False
16.0,20.0,linear,False,True,1760,1760,1682,1.0,9.594039061264748,4.661966907609783,10.036682764695755,0.2643455820127726,7.705243535485171,13.073564833508913,5.243263598250608,1682,4.578170411908475,"(0.2, 45.0)",3.0,1.39,3,4,False,0.9556818181818182,1.0,True,2.8440569775012174,0.29644000397954345,1.2134431588156227,50.18773993419596,1.3649513012575332,True,True,True,True,True,True,True,False,False,True,False
128.0,30.0,log,False,True,220,220,209,1.0,9.724993022274637,4.948095208863697,9.503915103095173,0.26735082636103297,7.274339390203796,12.416852918421506,5.692007018307998,209,4.908380757386391,"(0.2, 45.0)",5.0,0.37,3,4,False,0.95,1.0,True,2.8715095829054875,0.29527112012609474,1.1091068067081171,54.31570031381807,0.6801625451893667,True,True,True,True,True,True,True,False,False,True,False
128.0,40.0,log,False,True,220,220,208,1.0,9.924783058551832,5.145065923178693,9.29883128074294,0.25736753831737114,7.188777900755433,12.028228494670403,6.071517261129105,208,4.7968236811552405,"(0.2, 45.0)",4.0,0.29,3,4,False,0.9454545454545454,1.0,True,2.73981238072468,0.2760576593524512,1.0934204628542352,52.23772944475697,0.6801625451893223,True,True,True,True,True,True,True,False,False,True,False
64.0,40.0,log,False,True,440,440,413,1.0,9.924783058551832,5.218109584663473,9.259411555182787,0.25207466392370637,7.196291585455625,11.914011728142642,6.187159180570272,413,4.8166381531445275,"(0.2, 45.0)",4.0,0.28,3,4,False,0.9386363636363636,1.0,True,2.647870119022063,0.2667937529113533,1.1132623117525082,51.20926068869471,0.6801625451893223,True,True,True,True,True,True,True,False,False,True,False
16.0,20.0,log,False,True,1760,1760,1646,1.0,9.337397559169304,4.9776268928482486,9.603644897447156,0.24692748472622458,7.502341850269241,12.293494105837484,5.588729864462893,1646,4.945605270738912,"(0.2, 45.0)",4.0,1.44,3,4,False,0.9352272727272727,1.0,True,2.668274290541443,0.2857620952340413,1.2168375367523574,57.48595856420686,1.3465712593308754,True,True,True,True,True,True,True,False,False,True,False
32.0,30.0,log,False,True,880,880,814,1.0,9.791138782334428,5.130160818114888,9.393081677587434,0.2506689325895816,7.310447533388547,12.069026280383179,5.967525482425398,814,5.029568024305817,"(0.2, 45.0)",4.0,0.4,3,4,False,0.925,1.0,True,2.657263508947973,0.27139473436351613,1.1420958988224235,52.23772944475695,0.6801625451893667,True,True,True,True,True,True,True,False,False,True,False
32.0,40.0,linear,False,True,880,880,806,1.0,10.128677576806975,5.273395114326724,9.670348582668709,0.25338798719196315,7.505802360288233,12.459113259509218,6.068808787450905,806,4.896981014315205,"(0.2, 45.0)",4.0,0.34,3,4,False,0.9159090909090909,1.0,True,2.623445013263771,0.2590116027852475,1.1564520778569267,42.26013539528501,1.3465712593309198,True,True,True,True,True,True,True,False,False,True,False
16.0,30.0,linear,False,True,1760,1760,1597,1.0,9.992287715607397,5.045921874759367,10.000349453559972,0.2666930146897444,7.65934922866212,13.056851986730173,5.8448098465123675,1597,5.0450182977732325,"(0.2, 45.0)",4.0,1.04,3,4,False,0.9073863636363636,1.0,True,2.8135321758936955,0.28157037266842455,1.1824890144005262,44.20191696453366,0.6801625451893889,True,True,True,True,True,True,True,False,False,True,False
32.0,40.0,log,False,True,880,880,772,1.0,9.992287715607397,5.3714933919424155,9.296820105975945,0.24567777140487435,7.271733044843707,11.885868684930012,6.432185595889617,772,4.9296372768747485,"(0.2, 45.0)",5.0,0.39,3,4,False,0.8772727272727273,1.0,True,2.5766853900257454,0.25786741368556737,1.1432794437141207,49.173120242814036,0.6801625451893889,True,True,True,True,True,True,True,False,False,True,False
16.0,30.0,log,False,True,1760,1760,1522,1.0,9.791138782334428,5.282497936758067,9.575427120952659,0.25767370755446134,7.400343621350969,12.389803668594713,6.24303614663165,1522,5.2252963853125145,"(0.2, 45.0)",6.0,1.08,3,4,False,0.8647727272727272,1.0,True,2.726666742950485,0.2784831063645067,1.1789522253946307,50.18773993419596,0.6801625451893667,True,True,True,True,True,True,True,False,False,True,False
16.0,40.0,log,False,True,1760,1760,1442,1.0,9.992287715607397,5.586100400338881,9.4568876529963,0.25837464564184665,7.303609533165485,12.245003470582922,6.826487761106673,1442,5.141563314934815,"(0.2, 45.0)",6.0,0.89,3,4,False,0.8193181818181818,1.0,True,2.6949187158902634,0.26969987180022353,1.1947970257842588,47.16439787897721,0.6801625451893889,True,True,True,True,True,True,True,False,False,True,False
16.0,30.0,linear,True,False,1760,1353,1353,0.9712,9.992287715607397,5.046912584881909,7.741818814125933,0.8999083745321743,3.1478770535270697,19.040057007181606,5.951363094756246,1353,4.230868499812044,"(0.2, 45.0)",,0.87,3,4,False,0.76875,1.0,True,3.6813807834286356,0.36842221603352393,1.171923984881738,44.20191696453366,0.6801625451893889,True,True,True,True,True,True,True,False,False,True,False
16.0,30.0,log,True,False,1760,1353,1353,0.9712,9.791138782334428,5.258897429086711,6.867748435290829,0.9737505152998621,2.593700961840031,18.184813617441467,6.399866753785719,1353,4.500725251116483,"(0.2, 45.0)",,0.83,3,4,False,0.76875,1.0,True,3.815060836858685,0.38964424074367865,1.173066685349924,50.18773993419596,0.6801625451893667,True,True,True,True,True,True,True,False,False,True,False
16.0,40.0,log,True,False,1760,1353,1353,0.9712,9.992287715607397,5.558018639739307,6.125846643375325,1.0628479182962929,2.116299524229437,17.731893178880846,7.137322249290755,1353,3.618887303037894,"(0.2, 45.0)",,0.75,3,4,False,0.76875,1.0,True,4.021531679292479,0.40246355927192434,1.1837396385681318,47.16439787897721,0.6801625451893889,True,True,True,True,True,True,True,False,False,True,False
16.0,20.0,linear,True,False,1760,1353,1353,0.9712,9.594039061264748,4.674342880330009,8.937579344024886,0.6646645322068161,4.5979026479722656,17.373209188317322,5.247728416700562,1353,4.550083541461391,"(0.2, 45.0)",,1.12,3,4,False,0.76875,1.0,True,3.339751763642107,0.34810695915614076,1.205860429541483,50.18773993419596,1.3649513012575332,True,True,True,True,True,True,True,False,False,True,False
16.0,20.0,log,True,False,1760,1353,1353,0.9712,9.337397559169304,4.978984782115609,8.197353422244863,0.732620310652662,3.9400406406273762,17.054799495288908,5.630132526711464,1353,4.728622392500124,"(0.2, 45.0)",,1.13,3,4,False,0.76875,1.0,True,3.313242162452604,0.354835717495932,1.211970986325914,56.42203447329628,1.3465712593308754,True,True,True,True,True,True,True,False,False,True,False
16.0,20.0,linear,True,True,1760,1353,1305,0.9712,9.594039061264748,4.680539141906913,9.979424002984564,0.2585765567716384,7.705611400459732,12.924205264932354,5.196362139165709,1305,4.6150771763464045,"(0.2, 45.0)",3.0,1.14,3,4,False,0.7414772727272727,1.0,True,2.767458534357249,0.2884560419949369,1.206403918765873,50.18773993419596,1.3649513012575332,True,True,True,True,True,True,True,False,False,True,False
16.0,20.0,log,True,True,1760,1353,1283,0.9712,9.337397559169304,4.990369201583387,9.50277925292503,0.23994874586163437,7.475534060154216,12.079780896344348,5.5307160093789784,1283,4.977401021609874,"(0.2, 45.0)",3.0,1.18,3,4,False,0.7289772727272728,1.0,True,2.57228781190011,0.2754823060279927,1.2108628547518272,56.42203447329628,0.6801625451893889,True,True,True,True,True,True,True,False,False,True,False
16.0,30.0,linear,True,True,1760,1353,1235,0.9712,9.992287715607397,5.074140214173507,9.908889217505585,0.25918314059338954,7.646508316548271,12.840643266196155,5.7941497050279995,1235,5.0653969196721045,"(0.2, 45.0)",4.0,0.9,3,4,False,0.7017045454545454,1.0,True,2.699959312572781,0.27020432051366927,1.1716350701011748,44.20191696453366,0.6801625451893889,True,True,True,True,True,True,True,False,False,True,False
