window,start_s,used,f0_hz,A0
0,0.000,1,14.8051,4.93143
1,32.000,1,20.9195,4.95434
2,64.000,1,15.6301,6.19677
3,96.000,1,0.343987,6.82511
4,128.000,1,0.243446,7.07667
5,160.000,1,0.317114,9.26556
6,192.000,1,0.241802,6.32169
7,224.000,1,13.9289,5.24648
8,256.000,1,0.310731,8.56588
9,288.000,1,17.8995,4.26955
10,320.000,1,6.69845,8.36805
11,352.000,1,6.60825,8.36825
12,384.000,1,6.78988,5.20607
13,416.000,1,15.1093,5.36318
14,448.000,1,4.28229,5.44652
15,480.000,1,15.0072,6.13668
16,512.000,1,4.37027,4.96438
17,544.000,1,4.31142,4.58241
18,576.000,1,14.0236,4.64261
19,608.000,1,13.8348,4.35528
20,640.000,1,10.0603,4.71585
21,672.000,1,10.1976,5.37664
22,704.000,1,14.8051,4.84969
23,736.000,1,7.93546,5.71649
24,768.000,1,10.1976,4.82282
25,800.000,1,10.0603,6.00067
26,832.000,1,14.6057,5.78126
27,864.000,1,10.1976,4.93271
28,896.000,1,4.39999,5.50033
29,928.000,1,15.4197,8.95727
30,960.000,1,8.78478,5.60554
31,992.000,1,8.49202,6.11782
32,1024.000,1,8.15357,6.30048
33,1056.000,1,10.1976,5.66727
34,1088.000,1,8.43465,5.63571
35,1120.000,1,8.26486,6.21787
36,1152.000,1,8.54978,6.61511
37,1184.000,1,8.09848,6.03385
38,1216.000,1,8.60793,5.23723
39,1248.000,1,8.72543,6.85748
40,1280.000,1,8.60793,5.47824
41,1312.000,1,8.43465,6.13293
42,1344.000,1,14.7051,5.65907
43,1376.000,1,8.37767,6.84837
44,1408.000,1,8.26486,5.66831
45,1440.000,1,8.54978,5.59575
46,1472.000,1,15.212,6.07521
47,1504.000,1,8.49202,5.6244
48,1536.000,1,8.60793,5.36922
49,1568.000,1,8.43465,6.04645
50,1600.000,1,8.43465,4.99211
51,1632.000,1,8.60793,5.34787
52,1664.000,1,8.37767,6.31544
53,1696.000,1,8.43465,5.5336
54,1728.000,1,8.26486,6.20373
55,1760.000,1,8.49202,5.10362
56,1792.000,1,10.1976,6.33694
57,1824.000,1,9.99229,5.07924
58,1856.000,1,14.0236,6.11414
59,1888.000,1,14.0236,5.51948
60,1920.000,1,14.6057,5.06495
61,1952.000,1,10.1287,5.19105
62,1984.000,1,10.1976,5.48456
63,2016.000,1,10.0603,5.2697
64,2048.000,1,14.0236,5.631
65,2080.000,1,13.8348,5.60532
66,2112.000,1,8.49202,5.48027
67,2144.000,1,10.1287,5.83929
68,2176.000,1,7.93546,5.73222
69,2208.000,1,8.54978,5.18822
70,2240.000,1,13.8348,5.75703
71,2272.000,1,14.3117,5.45268
72,2304.000,1,0.216949,9.20244
73,2336.000,1,15.4197,5.26484
74,2368.000,1,4.19609,5.79088
75,2400.000,1,6.78988,5.39406
76,2432.000,1,10.1976,5.75143
77,2464.000,1,10.1287,5.86064
78,2496.000,1,6.60825,6.57375
79,2528.000,1,6.43148,7.55337
80,2560.000,1,6.47522,8.26619
81,2592.000,1,6.51927,7.92252
82,2624.000,1,6.56361,6.39392
83,2656.000,1,7.98943,6.23854
84,2688.000,1,9.92478,5.84123
85,2720.000,1,8.96525,5.43873
86,2752.000,1,9.02623,7.33634
87,2784.000,1,10.1976,5.21598
88,2816.000,1,15.7365,5.42282
89,2848.000,1,0.216949,7.65445
90,2880.000,1,15.1093,5.20478
91,2912.000,1,8.54978,5.73439
92,2944.000,1,13.7413,4.98295
93,2976.000,1,13.5563,4.3479
94,3008.000,1,14.3117,5.67814
95,3040.000,1,10.2669,4.51403
96,3072.000,1,14.0236,5.82246
97,3104.000,1,6.74401,5.65859
98,3136.000,1,6.60825,5.99879
99,3168.000,1,6.51927,7.86677
100,3200.000,1,6.60825,5.4813
101,3232.000,1,6.60825,9.12032
102,3264.000,1,6.47522,8.0595
103,3296.000,1,6.43148,7.44637
104,3328.000,1,6.6532,5.92376
105,3360.000,1,13.7413,6.00695
106,3392.000,1,6.47522,6.15557
107,3424.000,1,8.54978,5.49739
108,3456.000,1,9.08762,6.0697
109,3488.000,1,18.3915,6.59764
110,3520.000,1,0.841664,4.20985
111,3552.000,1,0.571921,7.55932
112,3584.000,1,36.2249,6.74472
113,3616.000,1,15.4197,6.08362
114,3648.000,1,10.1976,5.82285
115,3680.000,1,6.60825,6.88979
116,3712.000,1,17.6585,5.61753
117,3744.000,1,6.69845,6.67617
118,3776.000,1,6.69845,6.92519
119,3808.000,1,6.74401,5.82186
120,3840.000,1,6.60825,5.82291
121,3872.000,1,9.99229,5.43571
122,3904.000,1,15.0072,4.98628
123,3936.000,1,16.0597,5.28399
124,3968.000,1,14.4091,6.27064
125,4000.000,1,14.119,5.09656
126,4032.000,1,9.99229,5.20375
127,4064.000,1,16.7264,7.64783
128,4096.000,1,15.6301,10.4467
129,4128.000,1,16.5011,5.03578
130,4160.000,1,0.641774,7.2506
131,4192.000,1,0.246769,13.1659
132,4224.000,1,15.212,8.18725
133,4256.000,1,6.56361,7.9057
134,4288.000,1,6.51927,9.45522
135,4320.000,1,6.51927,9.15178
136,4352.000,1,6.6532,8.44494
137,4384.000,1,6.60825,7.47598
138,4416.000,1,6.56361,9.05765
139,4448.000,1,15.0072,7.62459
140,4480.000,1,14.215,5.18441
141,4512.000,1,14.7051,5.70103
142,4544.000,1,16.0597,5.1774
143,4576.000,1,14.4091,5.73758
144,4608.000,1,14.6057,5.25659
145,4640.000,1,14.5071,5.97468
146,4672.000,1,14.3117,5.55213
147,4704.000,1,10.1287,5.59883
148,4736.000,1,14.5071,5.12397
149,4768.000,1,14.7051,5.76027
150,4800.000,1,15.1093,5.40597
151,4832.000,1,6.56361,7.6152
152,4864.000,1,6.56361,7.45757
153,4896.000,1,6.60825,7.47966
154,4928.000,1,6.60825,7.94488
155,4960.000,1,6.60825,7.61725
156,4992.000,1,8.09848,5.8359
157,5024.000,1,14.119,5.86439
158,5056.000,1,8.15357,6.08892
159,5088.000,1,14.6057,5.65273
160,5120.000,1,8.43465,5.75978
161,5152.000,1,16.0597,6.72475
162,5184.000,1,19.6814,7.22237
163,5216.000,1,6.6532,5.67899
164,5248.000,1,8.32107,6.69052
165,5280.000,1,10.4071,5.92688
166,5312.000,1,7.93546,5.48215
167,5344.000,1,8.49202,5.71619
168,5376.000,1,8.49202,6.00943
169,5408.000,1,9.14943,5.49025
170,5440.000,1,8.49202,5.22711
171,5472.000,1,6.69845,5.35437
172,5504.000,1,6.74401,4.97147
173,5536.000,1,8.49202,6.12574
174,5568.000,1,15.3155,5.00292
175,5600.000,1,6.56361,6.76679
176,5632.000,1,6.51927,7.34817
177,5664.000,1,6.47522,9.18898
178,5696.000,1,6.60825,7.59004
179,5728.000,1,6.56361,8.60998
180,5760.000,1,6.56361,8.08887
181,5792.000,1,8.60793,6.01784
182,5824.000,1,8.32107,5.25098
183,5856.000,1,10.1287,5.86658
184,5888.000,1,10.0603,6.61614
185,5920.000,1,10.1976,6.34876
186,5952.000,1,10.1976,6.54538
187,5984.000,1,10.1976,6.4303
188,6016.000,1,8.37767,7.06293
189,6048.000,1,8.54978,5.7488
190,6080.000,1,10.1287,6.01731
191,6112.000,1,6.43148,8.21588
192,6144.000,1,6.47522,8.7008
193,6176.000,1,6.38803,10.104
194,6208.000,1,6.47522,7.89621
195,6240.000,1,6.47522,9.79889
196,6272.000,1,6.51927,8.98811
197,6304.000,1,6.47522,6.98366
198,6336.000,1,0.286455,6.50855
199,6368.000,1,6.47522,6.03982
200,6400.000,1,6.47522,6.4186
201,6432.000,1,10.3368,5.90649
202,6464.000,1,10.1287,5.45652
203,6496.000,1,14.0236,10.519
204,6528.000,1,10.2669,6.05316
205,6560.000,1,0.280689,8.92949
206,6592.000,1,0.21991,5.75249
207,6624.000,1,8.60793,6.76674
208,6656.000,1,6.6532,6.4316
209,6688.000,1,6.51927,9.49839
210,6720.000,1,6.47522,8.27684
211,6752.000,1,6.56361,10.4009
212,6784.000,1,6.51927,9.00007
213,6816.000,1,6.56361,8.53042
214,6848.000,1,8.43465,6.65923
215,6880.000,1,10.1976,6.08382
216,6912.000,1,8.43465,8.1121
217,6944.000,1,8.09848,5.68353
218,6976.000,1,8.66648,6.58466
219,7008.000,1,15.4197,7.45213
220,7040.000,1,14.9058,6.22151
221,7072.000,1,9.92478,6.71377
222,7104.000,1,8.54978,6.31315
223,7136.000,1,0.216949,13.6771
224,7168.000,1,15.9512,7.05716
225,7200.000,1,8.26486,6.66604
226,7232.000,1,9.59404,5.59565
227,7264.000,1,10.1976,5.56237
228,7296.000,1,14.4091,6.95408
229,7328.000,1,10.2669,7.13736
230,7360.000,1,10.0603,6.07655
231,7392.000,1,9.52922,6.34578
232,7424.000,1,10.1976,7.58638
233,7456.000,1,10.1976,6.27011
234,7488.000,1,10.2669,6.90388
235,7520.000,1,10.3368,6.89814
236,7552.000,1,6.47522,8.77471
237,7584.000,1,6.56361,9.03163
238,7616.000,1,6.56361,8.19924
239,7648.000,1,6.43148,9.41772
240,7680.000,1,6.51927,8.58683
241,7712.000,1,6.56361,8.64742
242,7744.000,1,10.1976,6.54643
243,7776.000,1,10.1287,7.32891
244,7808.000,1,10.1976,6.57833
245,7840.000,1,0.216949,5.50874
246,7872.000,1,10.1287,6.84293
247,7904.000,1,10.4071,6.23742
248,7936.000,1,10.4071,5.87239
249,7968.000,1,10.2669,7.45707
250,8000.000,1,8.43465,5.7476
251,8032.000,1,14.4091,5.65091
252,8064.000,1,8.26486,6.48993
253,8096.000,1,15.4197,6.86626
254,8128.000,1,10.2669,6.93582
255,8160.000,1,8.32107,6.30908
256,8192.000,1,10.1976,7.26702
257,8224.000,1,10.4071,5.94674
258,8256.000,1,8.66648,6.10682
259,8288.000,1,10.2669,6.80173
260,8320.000,1,10.2669,7.07833
261,8352.000,1,9.40091,6.16131
262,8384.000,1,0.216949,10.1267
263,8416.000,1,10.4779,6.29166
264,8448.000,1,10.3368,6.39946
265,8480.000,1,10.3368,6.65713
266,8512.000,1,10.1976,6.30299
267,8544.000,1,8.37767,6.12935
268,8576.000,1,10.1976,5.87971
269,8608.000,1,10.2669,7.16854
270,8640.000,1,10.2669,7.13186
271,8672.000,1,8.43465,6.07965
272,8704.000,1,10.0603,6.35273
273,8736.000,1,10.2669,5.91888
274,8768.000,1,10.4779,6.13912
275,8800.000,1,7.98943,6.59405
276,8832.000,1,10.4779,5.95919
277,8864.000,1,8.43465,6.54969
278,8896.000,1,9.99229,6.21906
279,8928.000,1,14.5071,6.64912
280,8960.000,1,0.250138,9.71678
281,8992.000,1,10.3368,6.80994
282,9024.000,1,8.60793,6.41688
283,9056.000,1,8.15357,6.67103
284,9088.000,1,10.3368,5.77837
285,9120.000,1,8.43465,6.469
286,9152.000,1,10.3368,6.02258
287,9184.000,1,10.1976,6.80559
288,9216.000,1,10.4071,6.17869
289,9248.000,1,10.2669,6.0245
290,9280.000,1,10.4779,5.51838
291,9312.000,1,6.30201,5.74932
292,9344.000,1,10.2669,7.59137
293,9376.000,1,8.78478,5.76057
294,9408.000,1,10.4071,6.69778
295,9440.000,1,10.3368,5.96504
296,9472.000,1,10.3368,6.37789
297,9504.000,1,10.4071,5.84559
298,9536.000,1,10.3368,5.94429
299,9568.000,1,10.3368,6.15044
300,9600.000,1,0.216949,6.61199
301,9632.000,1,8.90468,5.79106
302,9664.000,1,10.1287,5.55437
303,9696.000,1,10.0603,5.0623
304,9728.000,1,10.4071,4.70334
305,9760.000,1,7.51659,4.71549
306,9792.000,1,14.119,4.46341
307,9824.000,1,10.2669,5.4038
308,9856.000,1,9.92478,4.73159
309,9888.000,1,9.99229,5.27375
310,9920.000,1,0.245102,6.92033
311,9952.000,1,10.1287,4.85528
312,9984.000,1,8.66648,6.19732
313,10016.000,1,10.1976,5.7152
314,10048.000,1,10.3368,6.14371
315,10080.000,1,10.4779,5.69319
316,10112.000,1,10.3368,6.63633
317,10144.000,1,8.60793,5.5672
318,10176.000,1,8.54978,6.54163
319,10208.000,1,10.3368,6.10416
320,10240.000,1,8.72543,7.22024
321,10272.000,1,10.3368,5.6713
322,10304.000,1,10.2669,6.5078
323,10336.000,1,10.3368,6.28255
324,10368.000,1,15.7365,5.80994
325,10400.000,1,10.3368,5.33334
326,10432.000,1,8.66648,6.05088
327,10464.000,1,8.72543,5.69592
328,10496.000,1,8.66648,6.17979
329,10528.000,1,8.96525,6.34626
330,10560.000,1,8.84453,6.12265
331,10592.000,1,8.66648,6.23197
332,10624.000,1,8.66648,6.62339
333,10656.000,1,8.54978,5.99212
334,10688.000,1,8.66648,6.5822
335,10720.000,1,8.60793,6.35751
336,10752.000,1,9.79114,6.28055
337,10784.000,1,8.96525,5.67144
338,10816.000,1,9.65929,5.60005
339,10848.000,1,8.90468,5.66786
340,10880.000,1,9.99229,5.24175
341,10912.000,1,9.08762,5.80346
342,10944.000,1,8.43465,5.99105
343,10976.000,1,7.72318,6.06205
344,11008.000,1,8.90468,6.40176
345,11040.000,1,9.92478,6.06228
346,11072.000,1,14.119,4.7469
347,11104.000,1,9.92478,4.83171
348,11136.000,1,9.85773,4.76551
349,11168.000,1,10.0603,4.91612
350,11200.000,1,0.351054,5.31627
351,11232.000,1,10.1287,5.08802
352,11264.000,1,0.700895,5.11471
353,11296.000,1,10.1287,5.12648
354,11328.000,1,9.02623,5.70653
355,11360.000,1,8.66648,5.45883
356,11392.000,1,8.60793,6.19504
357,11424.000,1,13.9289,6.44492
358,11456.000,1,0.215483,5.86292
359,11488.000,1,13.8348,6.06739
360,11520.000,1,14.119,6.04511
361,11552.000,1,13.9289,6.03787
362,11584.000,1,13.8348,5.92488
363,11616.000,1,13.8348,6.61131
364,11648.000,1,13.8348,5.42133
365,11680.000,1,9.79114,5.07064
366,11712.000,1,7.77571,4.96883
367,11744.000,1,9.21166,5.84256
368,11776.000,1,13.8348,6.20038
369,11808.000,1,7.56771,5.95984
370,11840.000,1,13.9289,5.86017
371,11872.000,1,8.15357,5.65472
372,11904.000,1,8.84453,5.60407
373,11936.000,1,7.8286,5.56918
374,11968.000,1,8.43465,5.39441
375,12000.000,1,8.54978,5.61554
376,12032.000,1,10.0603,5.32091
377,12064.000,1,13.8348,5.5302
378,12096.000,1,10.0603,4.97208
379,12128.000,1,7.46581,7.16649
380,12160.000,1,9.99229,5.75296
381,12192.000,1,4.28229,5.13035
382,12224.000,1,9.99229,5.90692
383,12256.000,1,9.92478,6.01334
384,12288.000,1,14.0236,5.73964
385,12320.000,1,10.0603,5.30521
386,12352.000,1,9.92478,5.24071
387,12384.000,1,8.32107,5.98701
388,12416.000,1,8.54978,5.63903
389,12448.000,1,10.0603,5.26751
390,12480.000,1,13.9289,6.30441
391,12512.000,1,7.07173,5.87925
392,12544.000,1,8.84453,6.64491
393,12576.000,1,7.88185,6.28275
394,12608.000,1,13.8348,5.7396
395,12640.000,1,9.85773,5.34094
396,12672.000,1,14.6057,4.68373
397,12704.000,1,15.5245,5.96627
398,12736.000,1,0.21991,5.86793
399,12768.000,1,10.0603,5.03312
400,12800.000,1,7.51659,5.4266
401,12832.000,1,10.0603,5.43588
402,12864.000,1,13.7413,5.27609
403,12896.000,1,10.0603,5.28329
404,12928.000,1,13.9289,5.6221
405,12960.000,1,8.43465,5.80027
406,12992.000,1,7.93546,5.35286
407,13024.000,1,9.59404,5.55873
408,13056.000,1,7.93546,5.80719
409,13088.000,1,8.84453,6.15775
410,13120.000,1,8.72543,5.67512
411,13152.000,1,7.72318,4.96507
412,13184.000,1,8.54978,5.97852
413,13216.000,1,7.67101,6.33539
414,13248.000,1,8.43465,6.64772
415,13280.000,1,14.3117,5.43522
416,13312.000,1,7.98943,6.07551
417,13344.000,1,10.0603,4.55957
418,13376.000,1,6.83606,5.65869
419,13408.000,1,6.88256,5.5091
420,13440.000,1,6.92937,5.79673
421,13472.000,1,9.99229,6.30484
422,13504.000,1,9.99229,4.85549
423,13536.000,1,6.78988,5.0373
424,13568.000,1,14.119,5.22606
425,13600.000,1,15.212,5.62274
426,13632.000,1,14.119,5.42649
427,13664.000,1,13.8348,6.28825
428,13696.000,1,9.99229,5.23378
429,13728.000,1,14.3117,5.97502
430,13760.000,1,10.0603,4.80565
431,13792.000,1,9.99229,4.65898
432,13824.000,1,9.92478,5.54599
433,13856.000,1,10.0603,4.46178
434,13888.000,1,0.276909,9.36581
435,13920.000,1,0.282598,5.29894
436,13952.000,1,9.92478,5.90857
437,13984.000,1,10.0603,6.36253
438,14016.000,1,14.0236,5.89703
439,14048.000,1,6.6532,4.63112
440,14080.000,1,0.282598,11.1043
441,14112.000,1,14.5071,5.19509
442,14144.000,1,9.99229,5.07895
443,14176.000,1,14.5071,5.18963
444,14208.000,1,10.0603,4.76766
445,14240.000,1,10.1287,5.39337
446,14272.000,1,9.99229,4.63073
447,14304.000,1,9.92478,6.41835
448,14336.000,1,14.119,6.1403
449,14368.000,1,8.15357,6.41692
450,14400.000,1,10.1976,7.0818
451,14432.000,1,8.43465,6.84299
452,14464.000,1,6.56361,7.5164
453,14496.000,1,6.51927,8.35333
454,14528.000,1,6.69845,6.97203
455,14560.000,1,6.56361,8.54619
456,14592.000,1,6.60825,6.08516
457,14624.000,1,8.84453,5.64831
458,14656.000,1,9.92478,5.90891
459,14688.000,1,7.77571,5.8453
460,14720.000,1,13.8348,5.08035
461,14752.000,1,8.84453,5.5088
462,14784.000,1,14.0236,5.98569
463,14816.000,1,0.248448,7.22603
464,14848.000,1,8.78478,5.97433
465,14880.000,1,8.04377,6.22885
466,14912.000,1,15.0072,5.91877
467,14944.000,1,6.56361,7.95559
468,14976.000,1,6.6532,6.84277
469,15008.000,1,6.74401,6.59493
470,15040.000,1,6.69845,6.89495
471,15072.000,1,10.0603,6.09768
472,15104.000,1,0.250138,5.94001
473,15136.000,1,8.37767,5.32548
474,15168.000,1,9.92478,5.92606
475,15200.000,1,10.1287,5.09299
476,15232.000,1,14.119,5.29489
477,15264.000,1,14.9058,5.48918
478,15296.000,1,10.0603,5.54108
479,15328.000,1,14.5071,5.05085
480,15360.000,1,14.215,5.53109
481,15392.000,1,14.3117,5.36524
482,15424.000,1,10.0603,5.18809
483,15456.000,1,0.216949,9.12148
484,15488.000,1,6.74401,5.81061
485,15520.000,1,6.88256,6.20366
486,15552.000,1,6.83606,5.71611
487,15584.000,1,6.69845,6.37214
488,15616.000,1,9.92478,5.26211
489,15648.000,1,9.99229,5.62098
490,15680.000,1,10.2669,5.54206
491,15712.000,1,10.1287,5.91128
492,15744.000,1,14.0236,5.67124
493,15776.000,1,10.0603,5.69547
494,15808.000,1,10.0603,5.36387
495,15840.000,1,9.92478,5.37434
496,15872.000,1,10.1976,6.03362
497,15904.000,1,9.92478,6.27701
498,15936.000,1,7.98943,6.56344
499,15968.000,1,8.49202,6.41942
500,16000.000,1,0.278793,6.03193
501,16032.000,1,9.59404,5.4417
502,16064.000,1,14.119,6.06556
503,16096.000,1,7.8286,5.4576
504,16128.000,1,8.32107,5.96714
505,16160.000,1,0.278793,9.84935
506,16192.000,1,13.8348,5.89306
507,16224.000,1,9.99229,6.39594
508,16256.000,1,10.1287,5.97039
509,16288.000,1,2.50673,12.0526
510,16320.000,1,0.246769,469.398
511,16352.000,1,14.5071,8.05928
512,16384.000,1,9.92478,5.94691
513,16416.000,1,10.0603,5.80119
514,16448.000,1,10.1976,5.45556
515,16480.000,1,6.56361,7.26075
516,16512.000,1,6.56361,8.29387
517,16544.000,1,6.47522,9.13351
518,16576.000,1,6.6532,7.50574
519,16608.000,1,7.93546,6.66343
520,16640.000,1,14.119,5.61387
521,16672.000,1,7.88185,5.59561
522,16704.000,1,10.1287,5.85556
523,16736.000,1,8.26486,5.49234
524,16768.000,1,7.98943,5.27019
525,16800.000,1,0.358266,8.50296
526,16832.000,1,10.0603,6.0306
527,16864.000,1,14.119,5.70904
528,16896.000,1,4.19609,5.0208
529,16928.000,1,14.0236,5.20931
530,16960.000,1,4.46005,5.86844
531,16992.000,1,13.6485,5.94784
532,17024.000,1,0.245102,6.01234
533,17056.000,1,14.119,4.85852
534,17088.000,1,15.3155,4.82899
535,17120.000,1,10.1287,4.83991
536,17152.000,1,10.0603,5.00533
537,17184.000,1,9.92478,4.62294
538,17216.000,1,13.8348,5.745
539,17248.000,1,9.99229,5.55815
540,17280.000,1,4.25336,5.85522
541,17312.000,1,10.0603,5.96619
542,17344.000,1,9.92478,5.26833
543,17376.000,1,10.0603,5.12878
544,17408.000,1,6.74401,5.59925
545,17440.000,1,6.74401,7.31887
546,17472.000,1,6.56361,10.019
547,17504.000,1,6.6532,6.69453
548,17536.000,1,14.119,6.4606
549,17568.000,1,6.34488,5.98741
550,17600.000,1,8.96525,5.40809
551,17632.000,1,8.60793,5.78253
552,17664.000,1,9.92478,5.89522
553,17696.000,1,10.0603,6.32858
554,17728.000,1,8.54978,5.93113
555,17760.000,1,15.8435,6.61733
556,17792.000,1,8.32107,6.0663
557,17824.000,1,8.15357,5.60941
558,17856.000,1,8.54978,5.76641
559,17888.000,1,8.54978,5.9218
560,17920.000,1,6.60825,7.26133
561,17952.000,1,6.60825,6.99726
562,17984.000,1,6.51927,6.52499
563,18016.000,1,6.60825,6.81056
564,18048.000,1,6.56361,8.86303
565,18080.000,1,9.3374,6.41969
566,18112.000,1,7.98943,5.16124
567,18144.000,1,9.92478,5.17366
568,18176.000,1,8.84453,6.08939
569,18208.000,1,14.5071,5.09585
570,18240.000,1,9.85773,5.71703
571,18272.000,1,14.0236,5.75493
572,18304.000,1,8.32107,4.78312
573,18336.000,1,9.99229,5.16582
574,18368.000,1,6.47522,5.92044
575,18400.000,1,8.96525,6.2542
576,18432.000,1,0.248448,8.0344
577,18464.000,1,0.216949,40.2757
578,18496.000,1,6.92937,6.00852
579,18528.000,1,6.78988,5.42209
580,18560.000,1,9.99229,5.23822
581,18592.000,1,0.278793,6.65613
582,18624.000,1,6.83606,5.60896
583,18656.000,1,6.74401,5.01193
584,18688.000,1,14.119,5.15861
585,18720.000,1,14.7051,4.68678
586,18752.000,1,9.99229,5.35403
587,18784.000,1,9.99229,6.64199
588,18816.000,1,9.92478,4.65053
589,18848.000,1,14.0236,4.82143
590,18880.000,1,10.0603,5.123
591,18912.000,1,14.0236,5.02589
592,18944.000,1,10.0603,5.3696
593,18976.000,1,10.0603,5.09148
594,19008.000,1,8.32107,5.31755
595,19040.000,1,8.72543,5.87306
596,19072.000,1,9.85773,5.88704
597,19104.000,1,14.0236,5.65507
598,19136.000,1,9.99229,5.23587
599,19168.000,1,10.2669,5.86823
600,19200.000,1,8.43465,5.17334
601,19232.000,1,14.0236,5.80484
602,19264.000,1,8.43465,6.12398
603,19296.000,1,15.4197,5.37182
604,19328.000,1,9.72499,6.03395
605,19360.000,1,6.51927,7.74656
606,19392.000,1,6.60825,6.23233
607,19424.000,1,6.51927,6.79195
608,19456.000,1,6.69845,7.70347
609,19488.000,1,6.56361,7.30931
610,19520.000,1,6.56361,6.85386
611,19552.000,1,10.0603,5.98371
612,19584.000,1,9.52922,6.03989
613,19616.000,1,15.1093,5.42136
614,19648.000,1,8.66648,6.04713
615,19680.000,1,8.09848,5.15043
616,19712.000,1,9.92478,5.64131
617,19744.000,1,9.85773,5.62359
618,19776.000,1,8.49202,5.19618
619,19808.000,1,8.54978,6.18157
620,19840.000,1,15.0072,6.34005
621,19872.000,1,10.0603,5.87931
622,19904.000,1,15.1093,5.95856
623,19936.000,1,8.60793,5.73371
624,19968.000,1,6.47522,5.79855
625,20000.000,1,6.51927,7.76596
626,20032.000,1,6.51927,8.52279
627,20064.000,1,6.56361,7.6153
628,20096.000,1,6.56361,8.20104
629,20128.000,1,6.51927,7.42959
630,20160.000,1,9.99229,5.50272
631,20192.000,1,8.72543,5.30119
632,20224.000,1,10.3368,5.63254
633,20256.000,1,10.0603,5.75884
634,20288.000,1,9.99229,5.53309
635,20320.000,1,10.0603,5.55332
636,20352.000,1,10.0603,4.65596
637,20384.000,1,9.99229,5.90125
638,20416.000,1,10.1287,5.71753
639,20448.000,1,10.0603,4.9306
640,20480.000,1,10.1287,4.91844
641,20512.000,1,14.6057,4.28495
642,20544.000,1,14.215,5.12517
643,20576.000,1,14.6057,6.20928
644,20608.000,1,9.85773,5.26696
645,20640.000,1,10.0603,5.52471
646,20672.000,1,9.99229,5.75612
647,20704.000,1,9.99229,6.20258
648,20736.000,1,9.92478,5.88671
649,20768.000,1,9.85773,5.79157
650,20800.000,1,9.79114,6.22194
651,20832.000,1,8.66648,6.70517
652,20864.000,1,8.20903,5.28387
653,20896.000,1,10.0603,4.75318
654,20928.000,1,9.79114,5.21168
655,20960.000,1,8.09848,4.64008
656,20992.000,1,14.8051,4.59191
657,21024.000,1,10.0603,5.75411
658,21056.000,1,9.99229,4.81446
659,21088.000,1,0.278793,5.45275
660,21120.000,1,14.8051,7.06925
661,21152.000,1,10.1287,5.48653
662,21184.000,1,9.92478,5.66803
663,21216.000,1,10.0603,5.39147
664,21248.000,1,10.1287,5.04651
665,21280.000,1,4.19609,4.97056
666,21312.000,1,14.119,4.65114
667,21344.000,1,4.25336,4.93946
668,21376.000,1,14.0236,6.97229
669,21408.000,1,14.215,8.01309
670,21440.000,1,4.34074,7.37067
671,21472.000,1,4.28229,5.99331
672,21504.000,1,13.7413,7.48908
673,21536.000,1,0.677538,6.9223
674,21568.000,1,15.0072,5.46187
675,21600.000,1,0.246769,16.3403
676,21632.000,1,10.1287,6.52207
677,21664.000,1,14.4091,5.12358
678,21696.000,1,14.5071,5.27553
679,21728.000,1,10.2669,5.2483
680,21760.000,1,9.99229,5.05121
681,21792.000,1,10.0603,4.62178
682,21824.000,1,10.2669,5.20789
683,21856.000,1,0.216949,5.17092
684,21888.000,1,0.251839,7.93467
685,21920.000,1,0.215483,8.92745
686,21952.000,1,4.34074,5.33332
687,21984.000,1,14.215,4.85181
688,22016.000,1,10.1976,6.25665
689,22048.000,1,14.0236,4.79168
690,22080.000,1,10.1287,5.41391
691,22112.000,1,14.5071,4.73431
692,22144.000,1,10.1976,5.54374
693,22176.000,1,4.31142,5.75999
694,22208.000,1,13.8348,5.15109
695,22240.000,1,10.1287,5.24205
696,22272.000,1,14.4091,5.08964
697,22304.000,1,0.215483,10.6478
698,22336.000,1,9.99229,5.22306
699,22368.000,1,10.1287,4.6903
700,22400.000,1,6.6532,4.92921
701,22432.000,1,6.6532,7.90796
702,22464.000,1,6.56361,8.14077
703,22496.000,1,6.69845,8.56853
704,22528.000,1,10.1287,6.5336
705,22560.000,1,10.0603,6.16933
706,22592.000,1,14.215,4.63344
707,22624.000,1,4.19609,5.28654
708,22656.000,1,10.0603,5.60919
709,22688.000,1,10.1976,6.19535
710,22720.000,1,10.1976,5.80109
711,22752.000,1,9.99229,5.87473
712,22784.000,1,10.1976,5.45288
713,22816.000,1,4.16774,5.61261
714,22848.000,1,10.0603,5.70096
715,22880.000,1,9.99229,6.00257
716,22912.000,1,10.1287,5.5516
717,22944.000,1,9.99229,5.12655
718,22976.000,1,10.0603,5.71508
719,23008.000,1,10.2669,6.39334
720,23040.000,1,6.78988,5.79827
721,23072.000,1,6.6532,7.03316
722,23104.000,1,10.1976,6.03331
723,23136.000,1,6.74401,5.47659
724,23168.000,1,9.92478,6.29036
725,23200.000,1,6.60825,5.62649
726,23232.000,1,10.1976,7.30001
727,23264.000,1,10.1287,6.20305
728,23296.000,1,14.3117,6.16562
729,23328.000,1,10.1976,6.36322
730,23360.000,1,10.2669,6.66645
731,23392.000,1,8.43465,5.80782
732,23424.000,1,10.2669,6.72952
733,23456.000,1,8.32107,7.06788
734,23488.000,1,6.51927,8.93984
735,23520.000,1,6.51927,8.52072
736,23552.000,1,9.99229,7.13247
737,23584.000,1,6.51927,8.5878
738,23616.000,1,6.56361,7.43208
739,23648.000,1,6.47522,8.29233
740,23680.000,1,6.56361,6.69022
741,23712.000,1,10.2669,6.26953
742,23744.000,1,10.1287,5.78459
743,23776.000,1,10.2669,6.05582
744,23808.000,1,8.84453,5.88889
745,23840.000,1,10.1976,5.96673
746,23872.000,1,8.32107,7.08088
747,23904.000,1,8.96525,6.18333
748,23936.000,1,9.99229,6.82302
749,23968.000,1,10.4071,6.00407
750,24000.000,1,8.43465,7.20152
751,24032.000,1,8.49202,7.09043
752,24064.000,1,8.72543,5.66461
753,24096.000,1,10.0603,5.47127
754,24128.000,1,13.8348,5.64228
755,24160.000,1,10.1287,5.50958
756,24192.000,1,10.2669,5.24316
757,24224.000,1,10.1976,6.68866
758,24256.000,1,14.0236,5.77818
759,24288.000,1,10.0603,5.7135
760,24320.000,1,8.60793,6.07143
761,24352.000,1,10.4071,7.04338
762,24384.000,1,0.215483,14.5646
763,24416.000,1,8.43465,6.72266
764,24448.000,1,8.60793,6.08031
765,24480.000,1,8.78478,6.51129
766,24512.000,1,14.119,7.53178
767,24544.000,1,10.1976,6.30115
768,24576.000,1,14.0236,5.69516
769,24608.000,1,9.99229,6.23436
770,24640.000,1,14.119,5.89909
771,24672.000,1,8.43465,5.27828
772,24704.000,1,8.37767,5.59805
773,24736.000,1,8.37767,5.96334
774,24768.000,1,8.32107,6.04248
775,24800.000,1,8.49202,6.33449
776,24832.000,1,10.1287,7.45951
777,24864.000,1,10.3368,6.69412
778,24896.000,1,10.1287,6.93234
779,24928.000,1,6.60825,7.93583
780,24960.000,1,6.56361,7.01909
781,24992.000,1,6.56361,8.51515
782,25024.000,1,6.56361,6.35961
783,25056.000,1,6.51927,6.85426
784,25088.000,1,8.32107,5.8617
785,25120.000,1,8.43465,6.89413
786,25152.000,1,8.54978,6.06184
787,25184.000,1,10.2669,6.03025
788,25216.000,1,10.2669,7.10472
789,25248.000,1,10.2669,6.39026
790,25280.000,1,9.08762,5.98698
791,25312.000,1,9.92478,6.22043
792,25344.000,1,10.1287,6.29634
793,25376.000,1,10.1287,6.28662
794,25408.000,1,10.2669,5.82977
795,25440.000,1,10.2669,6.26172
796,25472.000,1,10.2669,6.15824
797,25504.000,1,8.43465,6.80004
798,25536.000,1,10.1287,6.68446
799,25568.000,1,10.1976,6.2148
800,25600.000,1,10.2669,6.11016
801,25632.000,1,10.1287,7.49792
802,25664.000,1,10.1976,7.13858
803,25696.000,1,8.72543,5.78393
804,25728.000,1,10.2669,5.54376
805,25760.000,1,8.90468,5.7782
806,25792.000,1,0.278793,6.28413
807,25824.000,1,10.1976,5.58345
808,25856.000,1,16.8401,12.2249
809,25888.000,1,8.32107,6.99813
810,25920.000,1,0.250138,6.69609
811,25952.000,1,10.4071,5.73629
812,25984.000,1,10.0603,6.64725
813,26016.000,1,10.3368,6.46519
814,26048.000,1,8.54978,6.60023
815,26080.000,1,13.8348,5.64119
816,26112.000,1,10.1976,5.77701
817,26144.000,1,13.7413,6.06449
818,26176.000,1,10.1287,6.10499
819,26208.000,1,10.1976,6.40351
820,26240.000,1,10.3368,6.11103
821,26272.000,1,8.49202,6.31292
822,26304.000,1,14.6057,6.48617
823,26336.000,1,8.37767,6.29477
824,26368.000,1,8.49202,5.93861
825,26400.000,1,8.20903,6.13914
826,26432.000,1,10.0603,6.03819
827,26464.000,1,8.37767,6.30455
828,26496.000,1,10.1287,7.5364
829,26528.000,1,8.66648,5.21075
830,26560.000,1,8.37767,6.10354
831,26592.000,1,8.43465,6.81081
832,26624.000,1,9.72499,6.56071
833,26656.000,1,10.1287,6.88253
834,26688.000,1,8.26486,5.91412
835,26720.000,1,10.2669,6.91107
836,26752.000,1,8.20903,6.3891
837,26784.000,1,8.15357,6.60487
838,26816.000,1,8.49202,6.566
839,26848.000,1,8.32107,5.9498
840,26880.000,1,14.0236,5.10233
841,26912.000,1,8.32107,5.90663
842,26944.000,1,8.54978,5.84744
843,26976.000,1,10.4071,6.42129
844,27008.000,1,8.32107,5.7324
845,27040.000,1,10.2669,6.15821
846,27072.000,1,10.3368,6.17154
847,27104.000,1,10.1976,6.40864
848,27136.000,1,10.2669,6.49338
849,27168.000,1,10.1976,6.22569
850,27200.000,1,10.1976,6.81695
851,27232.000,1,10.1976,6.37706
852,27264.000,1,8.15357,6.29316
853,27296.000,1,8.20903,5.72226
854,27328.000,1,10.2669,6.39467
855,27360.000,1,10.2669,6.97282
856,27392.000,1,0.248448,10.7354
857,27424.000,1,10.1287,5.76658
858,27456.000,1,10.3368,5.60968
859,27488.000,1,10.3368,6.66861
860,27520.000,1,8.04377,5.95125
861,27552.000,1,15.212,4.98552
862,27584.000,1,0.250138,6.09876
863,27616.000,1,10.1976,5.71594
864,27648.000,1,8.09848,5.94124
865,27680.000,1,10.1287,6.05449
866,27712.000,1,10.1976,6.02267
867,27744.000,1,8.04377,6.33338
868,27776.000,1,10.2669,6.34891
869,27808.000,1,10.3368,6.44585
870,27840.000,1,14.7051,6.47862
871,27872.000,1,8.32107,5.75172
872,27904.000,1,14.119,5.39035
873,27936.000,1,8.49202,5.70431
874,27968.000,1,16.0597,8.90529
875,28000.000,1,15.5245,10.2544
876,28032.000,1,15.0072,12.4592
877,28064.000,1,0.448079,6.36948
878,28096.000,1,18.1438,5.22056
879,28128.000,1,0.245102,5.40001
