start_sample_inclusive,end_sample_exclusive,start_time_s,end_time_exclusive_s,f0_hz,A0
29352,32552,293.52,325.52,18.9697266,4.04889249
35436,38636,354.36,386.36,6.59179688,7.32223325
38636,41836,386.36,418.36,6.81152344,4.92812736
41836,45036,418.36,450.36,15.1855469,5.15405903
45036,48236,450.36,482.36,14.9414062,5.01465931
48236,51436,482.36,514.36,15.3564453,5.17677204
51436,54636,514.36,546.36,4.37011719,5.40810448
54636,57836,546.36,578.36,4.41894531,5.35173087
57836,61036,578.36,610.36,15.0390625,4.44184767
61036,64236,610.36,642.36,4.12597656,4.36095836
64236,67436,642.36,674.36,9.9609375,4.47744478
67436,70636,674.36,706.36,10.15625,5.09498038
70636,73836,706.36,738.36,10.1318359,5.31547859
73836,77036,738.36,770.36,14.84375,5.2678966
77036,80236,770.36,802.36,4.27246094,4.54088116
80236,83436,802.36,834.36,10.0341797,5.81777204
83436,86636,834.36,866.36,15.0390625,5.09692607
86636,89836,866.36,898.36,10.1318359,4.72008764
89836,93036,898.36,930.36,4.39453125,5.21596512
94112,97312,941.12,973.12,15.8691406,9.08448618
97312,100512,973.12,1005.12,8.37402344,5.63064308
100512,103712,1005.12,1037.12,8.25195312,6.51877486
103712,106912,1037.12,1069.12,8.22753906,5.3793854
106912,110112,1069.12,1101.12,8.76464844,4.97181404
110112,113312,1101.12,1133.12,8.22753906,6.45388149
113312,116512,1133.12,1165.12,8.3984375,5.96225894
116512,119712,1165.12,1197.12,8.56933594,6.37015512
119712,122912,1197.12,1229.12,8.10546875,5.12064157
122912,126112,1229.12,1261.12,8.37402344,5.77484485
126112,129312,1261.12,1293.12,8.7890625,6.66696296
129312,132512,1293.12,1325.12,8.49609375,5.28175652
132512,135712,1325.12,1357.12,17.9931641,5.9350921
135712,138912,1357.12,1389.12,8.34960938,5.02565345
138912,142112,1389.12,1421.12,8.203125,5.74499746
142112,145312,1421.12,1453.12,8.3984375,6.01246513
145312,148512,1453.12,1485.12,14.8193359,5.85134288
148512,151712,1485.12,1517.12,8.32519531,5.84682483
151712,154912,1517.12,1549.12,15.5029297,5.2641179
154912,158112,1549.12,1581.12,15.1855469,5.6235376
158112,161312,1581.12,1613.12,8.32519531,5.56120264
161312,164512,1613.12,1645.12,8.49609375,5.08236228
164512,167712,1645.12,1677.12,8.7890625,6.84805197
167712,170912,1677.12,1709.12,8.47167969,5.73441292
170912,174112,1709.12,1741.12,8.22753906,5.30989692
174112,177312,1741.12,1773.12,8.44726562,5.92553548
177312,180512,1773.12,1805.12,14.9169922,4.35495144
180512,183712,1805.12,1837.12,10.1074219,6.28897105
183712,186912,1837.12,1869.12,9.9609375,4.78007286
186912,190112,1869.12,1901.12,15.3076172,5.18053848
190112,193312,1901.12,1933.12,15.1123047,4.65331311
193312,196512,1933.12,1965.12,10.2294922,5.21351462
196512,199712,1965.12,1997.12,10.0585938,5.04036203
199712,202912,1997.12,2029.12,10.1074219,5.00801958
202912,206112,2029.12,2061.12,10.1318359,4.6002898
206112,209312,2061.12,2093.12,8.66699219,5.30610079
209312,212512,2093.12,2125.12,7.39746094,4.88476291
212512,215712,2125.12,2157.12,6.34765625,4.89994765
215712,218912,2157.12,2189.12,8.93554688,4.98816486
218912,222112,2189.12,2221.12,7.93457031,5.28809783
222112,225312,2221.12,2253.12,8.47167969,4.85882127
225312,228512,2253.12,2285.12,8.81347656,5.21959967
228512,231712,2285.12,2317.12,9.91210938,6.09314102
231712,234912,2317.12,2349.12,15.5761719,4.35045816
234912,238112,2349.12,2381.12,4.19921875,6.22000069
238112,241312,2381.12,2413.12,15.4296875,4.42159327
241312,244512,2413.12,2445.12,4.37011719,5.27417752
244512,247712,2445.12,2477.12,10.0830078,5.62040928
247712,250912,2477.12,2509.12,10.1318359,5.64941274
250912,254112,2509.12,2541.12,6.59179688,6.42220758
254112,257312,2541.12,2573.12,6.4453125,8.37534717
257312,260512,2573.12,2605.12,6.640625,8.04889305
260512,263712,2605.12,2637.12,6.59179688,6.64343322
263712,266912,2637.12,2669.12,8.15429688,5.66813015
266912,270112,2669.12,2701.12,8.3984375,7.06821784
270112,273312,2701.12,2733.12,9.375,5.07691005
273312,276512,2733.12,2765.12,8.66699219,5.29468648
276512,279712,2765.12,2797.12,9.1796875,5.23935108
279712,282912,2797.12,2829.12,15.7714844,5.19103205
282912,286112,2829.12,2861.12,15.4785156,4.73362531
286112,289312,2861.12,2893.12,15.1367188,5.51255163
289312,292512,2893.12,2925.12,6.66503906,4.77761717
292512,295712,2925.12,2957.12,10.1074219,5.37365215
295712,298912,2957.12,2989.12,6.42089844,4.40611961
298912,302112,2989.12,3021.12,7.71484375,4.17352226
302112,305312,3021.12,3053.12,10.1318359,5.21817727
305312,308512,3053.12,3085.12,7.49511719,4.19495537
308512,311712,3085.12,3117.12,10.2294922,4.87543001
311712,314912,3117.12,3149.12,6.68945312,7.27892156
314912,318112,3149.12,3181.12,6.640625,5.43387699
318112,321312,3181.12,3213.12,10.1318359,6.00176605
321312,324512,3213.12,3245.12,6.640625,8.60428626
324512,327712,3245.12,3277.12,6.61621094,6.56011855
327712,330912,3277.12,3309.12,6.54296875,7.04760631
330912,334112,3309.12,3341.12,6.59179688,6.25888717
334112,337312,3341.12,3373.12,6.98242188,4.59210314
337312,340512,3373.12,3405.12,8.7890625,5.73368918
340512,343712,3405.12,3437.12,6.29882812,5.04233045
343712,346912,3437.12,3469.12,6.66503906,5.00654821
346912,350112,3469.12,3501.12,8.76464844,5.8679493
350112,353312,3501.12,3533.12,14.4042969,6.7638205
359973,363173,3599.73,3631.73,15.6005859,7.03507468
363173,366373,3631.73,3663.73,15.3076172,5.39393893
366373,369573,3663.73,3695.73,10.0341797,5.6122562
369573,372773,3695.73,3727.73,17.9931641,6.40309924
372773,375973,3727.73,3759.73,9.93652344,4.50837055
375973,379173,3759.73,3791.73,6.66503906,6.01921973
379173,382373,3791.73,3823.73,6.73828125,6.72776167
382373,385573,3823.73,3855.73,10.2050781,5.20010262
385573,388773,3855.73,3887.73,6.71386719,5.98394871
388773,391973,3887.73,3919.73,10.0097656,5.04390388
391973,395173,3919.73,3951.73,15.9179688,5.04095455
395173,398373,3951.73,3983.73,10.1318359,4.57152949
398373,401573,3983.73,4015.73,14.9902344,4.71376843
401573,404773,4015.73,4047.73,10.0341797,5.4113204
404773,407973,4047.73,4079.73,9.91210938,5.2187498
407973,411173,4079.73,4111.73,16.0888672,6.42092532
423331,426531,4233.31,4265.31,15.5273438,7.47896794
426531,429731,4265.31,4297.31,6.640625,6.43418527
429731,432931,4297.31,4329.31,6.51855469,8.12474069
432931,436131,4329.31,4361.31,19.3603516,8.34393021
439054,442254,4390.54,4422.54,15.0634766,7.04372742
443117,446317,4431.17,4463.17,6.76269531,6.49630671
446317,449517,4463.17,4495.17,14.8925781,6.17794775
449517,452717,4495.17,4527.17,16.0400391,4.61613443
452717,455917,4527.17,4559.17,14.9658203,6.29803958
455917,459117,4559.17,4591.17,15.5029297,4.84573106
459117,462317,4591.17,4623.17,10.0585938,4.88813376
462317,465517,4623.17,4655.17,10.0830078,6.53557064
465517,468717,4655.17,4687.17,9.93652344,5.09888488
468717,471917,4687.17,4719.17,10.3515625,4.98986668
471917,475117,4719.17,4751.17,10.0341797,5.28510228
475117,478317,4751.17,4783.17,14.9658203,5.09003687
478317,481517,4783.17,4815.17,15.3564453,5.47414761
481517,484717,4815.17,4847.17,14.7216797,5.01595499
485690,488890,4856.9,4888.9,6.59179688,6.33893058
488890,492090,4888.9,4920.9,6.68945312,8.33177919
492090,495290,4920.9,4952.9,6.68945312,6.55292165
495290,498490,4952.9,4984.9,6.640625,6.5602587
501012,504212,5010.12,5042.12,14.3310547,5.89791945
504212,507412,5042.12,5074.12,6.56738281,5.13186874
507412,510612,5074.12,5106.12,7.95898438,5.12027644
510612,513812,5106.12,5138.12,6.61621094,6.08976873
513812,517012,5138.12,5170.12,15.7958984,5.88258822
517012,520212,5170.12,5202.12,6.68945312,5.84466405
521361,524561,5213.61,5245.61,6.68945312,5.39783421
524561,527761,5245.61,5277.61,8.15429688,5.3434103
527761,530961,5277.61,5309.61,8.32519531,5.6794164
530961,534161,5309.61,5341.61,7.98339844,5.18719703
534161,537361,5341.61,5373.61,8.47167969,4.96325482
537361,540561,5373.61,5405.61,8.54492188,6.63295755
540561,543761,5405.61,5437.61,9.27734375,5.08587488
543761,546961,5437.61,5469.61,8.69140625,4.70920643
546961,550161,5469.61,5501.61,6.8359375,5.22269274
550161,553361,5501.61,5533.61,6.8359375,5.15229089
553361,556561,5533.61,5565.61,8.66699219,6.08417507
556561,559761,5565.61,5597.61,6.78710938,4.78029511
559761,562961,5597.61,5629.61,6.640625,5.67161877
562961,566161,5629.61,5661.61,6.59179688,6.80119764
566161,569361,5661.61,5693.61,6.56738281,8.962308
569361,572561,5693.61,5725.61,6.68945312,7.22122737
572561,575761,5725.61,5757.61,6.66503906,6.93824504
575761,578961,5757.61,5789.61,6.54296875,7.06184606
578961,582161,5789.61,5821.61,8.42285156,6.13595181
582161,585361,5821.61,5853.61,8.69140625,5.2570751
585361,588561,5853.61,5885.61,8.0078125,5.32308638
588561,591761,5885.61,5917.61,9.98535156,5.56661765
591761,594961,5917.61,5949.61,9.86328125,5.68578821
594961,598161,5949.61,5981.61,10.0830078,5.63371368
598161,601361,5981.61,6013.61,7.69042969,5.27594431
601361,604561,6013.61,6045.61,8.27636719,6.9282561
604561,607761,6045.61,6077.61,8.22753906,5.8728401
607761,610961,6077.61,6109.61,6.71386719,5.60727288
610961,614161,6109.61,6141.61,6.54296875,9.02514918
614161,617361,6141.61,6173.61,6.56738281,7.92114875
617361,620561,6173.61,6205.61,6.51855469,8.15273576
620561,623761,6205.61,6237.61,6.61621094,7.49051914
623761,626961,6237.61,6269.61,6.59179688,9.35238765
626961,630161,6269.61,6301.61,6.640625,8.40549876
630161,633361,6301.61,6333.61,6.66503906,7.18828671
633361,636561,6333.61,6365.61,6.76269531,6.66895735
636561,639761,6365.61,6397.61,6.66503906,6.06385624
639761,642961,6397.61,6429.61,6.49414062,5.41532214
642961,646161,6429.61,6461.61,6.68945312,6.09235844
646161,649361,6461.61,6493.61,8.44726562,5.28922425
664274,667474,6642.74,6674.74,8.54492188,6.07435579
667474,670674,6674.74,6706.74,6.640625,8.00065245
670674,673874,6706.74,6738.74,6.54296875,7.45705619
673874,677074,6738.74,6770.74,15.2832031,7.03189483
677074,680274,6770.74,6802.74,6.66503906,9.03167262
680274,683474,6802.74,6834.74,6.51855469,7.80202237
683474,686674,6834.74,6866.74,8.05664062,6.48730814
686674,689874,6866.74,6898.74,10.15625,5.51620466
689874,693074,6898.74,6930.74,8.47167969,7.12856295
693074,696274,6930.74,6962.74,7.64160156,5.68979546
696274,699474,6962.74,6994.74,14.5507812,5.7604461
699474,702674,6994.74,7026.74,15.1611328,5.48710503
702674,705874,7026.74,7058.74,15.7714844,7.52602751
705874,709074,7058.74,7090.74,9.375,5.32910952
709074,712274,7090.74,7122.74,8.984375,8.05183558
712274,715474,7122.74,7154.74,8.64257812,6.44974974
715474,718674,7154.74,7186.74,15.9667969,7.13845613
718674,721874,7186.74,7218.74,8.05664062,5.62312139
721874,725074,7218.74,7250.74,8.49609375,6.01244184
725074,728274,7250.74,7282.74,9.81445312,4.99376594
728274,731474,7282.74,7314.74,8.52050781,5.53044545
731474,734674,7314.74,7346.74,14.3066406,6.60132205
734674,737874,7346.74,7378.74,9.44824219,7.26182387
737874,741074,7378.74,7410.74,6.51855469,7.09500186
741074,744274,7410.74,7442.74,6.640625,6.04608243
744274,747474,7442.74,7474.74,9.98535156,5.65283477
747474,750674,7474.74,7506.74,9.98535156,5.95549484
750674,753874,7506.74,7538.74,10.2783203,6.16728357
753874,757074,7538.74,7570.74,15.1611328,7.00040167
757074,760274,7570.74,7602.74,6.640625,8.40887543
760274,763474,7602.74,7634.74,6.640625,8.45163803
763474,766674,7634.74,7666.74,6.61621094,8.56800777
766674,769874,7666.74,7698.74,6.56738281,9.05342689
769874,773074,7698.74,7730.74,6.61621094,8.1838147
773074,776274,7730.74,7762.74,6.66503906,7.00232379
776274,779474,7762.74,7794.74,10.0097656,6.02005683
779474,782674,7794.74,7826.74,6.54296875,5.7975614
782674,785874,7826.74,7858.74,6.76269531,5.27806669
785874,789074,7858.74,7890.74,8.15429688,5.93732929
789074,792274,7890.74,7922.74,6.59179688,5.94806659
792274,795474,7922.74,7954.74,6.66503906,6.10593029
795474,798674,7954.74,7986.74,8.59375,7.09191386
798674,801874,7986.74,8018.74,8.25195312,5.45874337
801874,805074,8018.74,8050.74,8.56933594,5.72575192
805074,808274,8050.74,8082.74,8.37402344,5.80222609
808274,811474,8082.74,8114.74,8.37402344,6.09247583
811474,814674,8114.74,8146.74,10.1318359,5.89806666
814674,817874,8146.74,8178.74,10.1806641,6.23658577
817874,821074,8178.74,8210.74,8.54492188,6.6875796
821074,824274,8210.74,8242.74,10.1074219,5.90138148
824274,827474,8242.74,8274.74,8.47167969,6.22150749
827474,830674,8274.74,8306.74,10.2783203,5.70442072
830674,833874,8306.74,8338.74,10.3271484,6.39045404
833874,837074,8338.74,8370.74,9.15527344,6.32745412
837074,840274,8370.74,8402.74,8.30078125,6.07115505
840274,843474,8402.74,8434.74,6.54296875,6.27494693
843474,846674,8434.74,8466.74,10.2294922,5.15350592
846674,849874,8466.74,8498.74,8.22753906,6.13137394
849874,853074,8498.74,8530.74,7.93457031,5.41364851
853074,856274,8530.74,8562.74,10.0341797,6.40155933
856274,859474,8562.74,8594.74,8.27636719,5.89016277
859474,862674,8594.74,8626.74,14.7949219,5.30113057
862674,865874,8626.74,8658.74,8.30078125,5.51436236
865874,869074,8658.74,8690.74,10.0830078,6.03086317
869074,872274,8690.74,8722.74,14.9658203,4.77115077
872274,875474,8722.74,8754.74,14.6972656,5.66192843
875474,878674,8754.74,8786.74,10.15625,6.27022186
878674,881874,8786.74,8818.74,8.17871094,6.08951702
881874,885074,8818.74,8850.74,14.6972656,5.15642062
885074,888274,8850.74,8882.74,8.27636719,5.53924748
888274,891474,8882.74,8914.74,8.88671875,6.00975362
891474,894674,8914.74,8946.74,8.25195312,7.11190714
894674,897874,8946.74,8978.74,14.5507812,8.09164544
897874,901074,8978.74,9010.74,8.08105469,5.38655962
901074,904274,9010.74,9042.74,8.03222656,6.12587318
904274,907474,9042.74,9074.74,10.2783203,6.20056055
907474,910674,9074.74,9106.74,8.203125,6.14277412
910674,913874,9106.74,9138.74,8.34960938,5.02037711
913874,917074,9138.74,9170.74,8.49609375,5.89783763
917074,920274,9170.74,9202.74,8.3984375,6.05908699
920274,923474,9202.74,9234.74,8.37402344,6.353615
923474,926674,9234.74,9266.74,10.3759766,5.97269861
926674,929874,9266.74,9298.74,7.86132812,5.51380361
929874,933074,9298.74,9330.74,8.76464844,5.38728905
933074,936274,9330.74,9362.74,8.64257812,5.52393698
936274,939474,9362.74,9394.74,8.74023438,5.77400496
939474,942674,9394.74,9426.74,8.203125,5.34856832
942674,945874,9426.74,9458.74,10.2539062,6.37607602
945874,949074,9458.74,9490.74,6.68945312,5.51314639
949074,952274,9490.74,9522.74,6.640625,5.89928915
952274,955474,9522.74,9554.74,10.2050781,5.43522825
955474,958674,9554.74,9586.74,8.91113281,5.799038
958674,961874,9586.74,9618.74,10.2783203,5.22221678
961874,965074,9618.74,9650.74,8.64257812,5.51881492
965074,968274,9650.74,9682.74,10.15625,5.63677727
968274,971474,9682.74,9714.74,14.8925781,4.93226112
971474,974674,9714.74,9746.74,14.5263672,4.89759938
974674,977874,9746.74,9778.74,14.5263672,4.70111129
977874,981074,9778.74,9810.74,7.71484375,4.40392778
981074,984274,9810.74,9842.74,6.95800781,4.76202548
984274,987474,9842.74,9874.74,9.88769531,4.72906798
987474,990674,9874.74,9906.74,10.0830078,4.73685209
990674,993874,9906.74,9938.74,10.15625,5.16241203
993874,997074,9938.74,9970.74,10.0830078,4.6660065
997074,1000274,9970.74,10002.74,8.61816406,5.90382515
1000274,1003474,10002.74,10034.74,9.15527344,5.56951039
1003474,1006674,10034.74,10066.74,8.44726562,5.47398653
1006674,1009874,10066.74,10098.74,8.37402344,5.70922803
1009874,1013074,10098.74,10130.74,8.66699219,5.32001319
1013074,1016274,10130.74,10162.74,8.47167969,5.75670512
1016274,1019474,10162.74,10194.74,8.88671875,5.88904637
1019474,1022674,10194.74,10226.74,8.15429688,5.65794672
1022674,1025874,10226.74,10258.74,8.49609375,6.58608028
1025874,1029074,10258.74,10290.74,6.27441406,5.10654875
1029074,1032274,10290.74,10322.74,10.3515625,5.57923485
1032274,1035474,10322.74,10354.74,8.71582031,5.46990215
1035474,1038674,10354.74,10386.74,8.3984375,6.40715387
1038674,1041874,10386.74,10418.74,15.6982422,5.45474969
1041874,1045074,10418.74,10450.74,7.54394531,5.80939943
1045074,1048274,10450.74,10482.74,6.66503906,5.59910833
1048274,1051474,10482.74,10514.74,8.64257812,5.46950959
1051474,1054674,10514.74,10546.74,7.56835938,6.74247733
1054674,1057874,10546.74,10578.74,9.13085938,5.58503381
1057874,1061074,10578.74,10610.74,8.59375,7.2728121
1061074,1064274,10610.74,10642.74,8.74023438,5.49199316
1064274,1067474,10642.74,10674.74,8.61816406,6.45596194
1067474,1070674,10674.74,10706.74,8.30078125,6.84247954
1070674,1073874,10706.74,10738.74,9.25292969,6.0505986
1073874,1077074,10738.74,10770.74,8.56933594,6.91114684
1077074,1080274,10770.74,10802.74,16.0644531,5.13893856
1080274,1083474,10802.74,10834.74,8.76464844,6.0776362
1083474,1086674,10834.74,10866.74,8.88671875,5.67674105
1086674,1089874,10866.74,10898.74,10.0830078,4.67188269
1089874,1093074,10898.74,10930.74,8.54492188,6.11809918
1093074,1096274,10930.74,10962.74,9.91210938,5.15858824
1096274,1099474,10962.74,10994.74,7.73925781,5.618385
1099474,1102674,10994.74,11026.74,8.76464844,5.37947799
1102674,1105874,11026.74,11058.74,9.1796875,5.50828576
1105874,1109074,11058.74,11090.74,9.93652344,5.30090251
1109074,1112274,11090.74,11122.74,9.93652344,4.64147127
1112274,1115474,11122.74,11154.74,9.79003906,4.31669198
1115474,1118674,11154.74,11186.74,7.421875,4.4982105
1118674,1121874,11186.74,11218.74,4.15039062,5.71800063
1121874,1125074,11218.74,11250.74,10.1318359,5.16026328
1125074,1128274,11250.74,11282.74,0.87890625,6.27870708
1128274,1131474,11282.74,11314.74,10.1806641,5.06083588
1131474,1134674,11314.74,11346.74,9.9609375,4.89465241
1134674,1137874,11346.74,11378.74,8.71582031,6.07009136
1137874,1141074,11378.74,11410.74,8.08105469,5.70396868
1141074,1144274,11410.74,11442.74,8.64257812,6.16816457
1144274,1147474,11442.74,11474.74,8.81347656,4.68866675
1147474,1150674,11474.74,11506.74,8.27636719,5.92685062
1150674,1153874,11506.74,11538.74,10.0097656,5.34838026
1153874,1157074,11538.74,11570.74,8.52050781,5.41573462
1157074,1160274,11570.74,11602.74,14.3798828,5.48913522
1160274,1163474,11602.74,11634.74,8.71582031,4.96303402
1163474,1166674,11634.74,11666.74,13.8183594,5.13998899
1166674,1169874,11666.74,11698.74,9.54589844,5.70991933
1169874,1173074,11698.74,11730.74,7.83691406,4.99896047
1173074,1176274,11730.74,11762.74,8.83789062,5.67294088
1176274,1179474,11762.74,11794.74,8.17871094,5.16094199
1179474,1182674,11794.74,11826.74,7.49511719,5.37845304
1182674,1185874,11826.74,11858.74,8.44726562,5.56822637
1185874,1189074,11858.74,11890.74,7.83691406,5.76852431
1189074,1192274,11890.74,11922.74,1.02539062,6.19268972
1192274,1195474,11922.74,11954.74,8.10546875,6.12692307
1195474,1198674,11954.74,11986.74,15.1367188,5.18237054
1198674,1201874,11986.74,12018.74,8.52050781,4.98333922
1201874,1205074,12018.74,12050.74,8.03222656,5.08350623
1205074,1208274,12050.74,12082.74,15.2099609,5.12984752
1208274,1211474,12082.74,12114.74,10.2050781,5.22247186
1211474,1214674,12114.74,12146.74,15.2832031,4.79138338
1214674,1217874,12146.74,12178.74,7.64160156,5.11205091
1217874,1221074,12178.74,12210.74,10.0830078,4.80266996
1221074,1224274,12210.74,12242.74,7.05566406,4.648227
1224274,1227474,12242.74,12274.74,10.1074219,5.12529605
1227474,1230674,12274.74,12306.74,9.9609375,5.35506519
1230674,1233874,12306.74,12338.74,9.98535156,5.62053471
1233874,1237074,12338.74,12370.74,10.0341797,5.03344272
1237074,1240274,12370.74,12402.74,7.56835938,4.97744631
1240274,1243474,12402.74,12434.74,8.0078125,5.90626912
1243474,1246674,12434.74,12466.74,9.05761719,5.19351498
1246674,1249874,12466.74,12498.74,7.86132812,5.88537435
1249874,1253074,12498.74,12530.74,14.3310547,5.6039369
1253074,1256274,12530.74,12562.74,8.05664062,5.39996901
1256274,1259474,12562.74,12594.74,9.00878906,6.02979225
1259474,1262674,12594.74,12626.74,8.61816406,5.69415722
1262674,1265874,12626.74,12658.74,0.830078125,5.67438021
1265874,1269074,12658.74,12690.74,10.0585938,4.65116726
1269074,1272274,12690.74,12722.74,15.7714844,6.06110761
1272274,1275474,12722.74,12754.74,10.0341797,4.8318942
1275474,1278674,12754.74,12786.74,10.1074219,5.68168895
1278674,1281874,12786.74,12818.74,10.15625,4.43324875
1281874,1285074,12818.74,12850.74,7.69042969,5.95434133
1285074,1288274,12850.74,12882.74,10.1318359,4.511674
1288274,1291474,12882.74,12914.74,10.0585938,5.70449801
1291474,1294674,12914.74,12946.74,8.12988281,5.62649426
1294674,1297874,12946.74,12978.74,8.3984375,5.8571037
1297874,1301074,12978.74,13010.74,8.76464844,5.88793779
1301074,1304274,13010.74,13042.74,7.93457031,6.08226469
1304274,1307474,13042.74,13074.74,7.95898438,5.85166962
1307474,1310674,13074.74,13106.74,8.37402344,5.3525175
1310674,1313874,13106.74,13138.74,8.76464844,6.33736053
1313874,1317074,13138.74,13170.74,7.6171875,4.84155388
1317074,1320274,13170.74,13202.74,8.52050781,6.01722737
1320274,1323474,13202.74,13234.74,8.44726562,6.13024814
1323474,1326674,13234.74,13266.74,8.17871094,5.5981119
1326674,1329874,13266.74,13298.74,1.22070312,6.43172421
1329874,1333074,13298.74,13330.74,8.3984375,5.22870485
1333074,1336274,13330.74,13362.74,15.5273438,4.32736552
1336274,1339474,13362.74,13394.74,6.81152344,4.86281762
1339474,1342674,13394.74,13426.74,10.0585938,5.16803426
1342674,1345874,13426.74,13458.74,6.90917969,5.25149266
1345874,1349074,13458.74,13490.74,9.9609375,5.44130541
1349074,1352274,13490.74,13522.74,9.98535156,6.35905536
1352274,1355474,13522.74,13554.74,9.98535156,4.65929476
1355474,1358674,13554.74,13586.74,6.76269531,5.64853496
1358674,1361874,13586.74,13618.74,7.6171875,4.97235074
1361874,1365074,13618.74,13650.74,15.3564453,5.14737679
1365074,1368274,13650.74,13682.74,7.71484375,5.48022494
1368274,1371474,13682.74,13714.74,9.9609375,5.67314334
1371474,1374674,13714.74,13746.74,14.7705078,4.5331593
1374674,1377874,13746.74,13778.74,10.0585938,4.45866757
1377874,1381074,13778.74,13810.74,10.0585938,4.8512164
1381074,1384274,13810.74,13842.74,15.0146484,4.67205756
1384274,1387474,13842.74,13874.74,9.93652344,5.17562858
1387474,1390674,13874.74,13906.74,10.15625,3.8148483
1390674,1393874,13906.74,13938.74,10.1074219,4.60353242
1393874,1397074,13938.74,13970.74,6.76269531,5.40892036
1397074,1400274,13970.74,14002.74,6.56738281,7.2712934
1400274,1403474,14002.74,14034.74,9.91210938,5.03431492
1403474,1406674,14034.74,14066.74,6.78710938,5.56262785
1406674,1409874,14066.74,14098.74,6.66503906,4.76949565
1409874,1413074,14098.74,14130.74,9.9609375,5.11610539
1413074,1416274,14130.74,14162.74,10.0097656,4.95151833
1416274,1419474,14162.74,14194.74,14.7949219,5.30756823
1419474,1422674,14194.74,14226.74,9.98535156,4.32559236
1422674,1425874,14226.74,14258.74,7.03125,5.40373069
1425874,1429074,14258.74,14290.74,9.9609375,4.00026756
1429074,1432274,14290.74,14322.74,9.98535156,5.23813228
1432274,1435474,14322.74,14354.74,8.54492188,5.35652488
1435474,1438674,14354.74,14386.74,8.7890625,6.07512455
1438674,1441874,14386.74,14418.74,8.12988281,6.4453748
1441874,1445074,14418.74,14450.74,8.34960938,6.46520471
1445074,1448274,14450.74,14482.74,6.66503906,5.8923333
1448274,1451474,14482.74,14514.74,6.61621094,7.18191672
1451474,1454674,14514.74,14546.74,6.68945312,6.85051748
1454674,1457874,14546.74,14578.74,6.71386719,8.40885728
1457874,1461074,14578.74,14610.74,6.61621094,7.70058615
1461074,1464274,14610.74,14642.74,15.234375,5.43440543
1464274,1467474,14642.74,14674.74,15.4541016,5.12479347
1467474,1470674,14674.74,14706.74,8.61816406,5.53384944
1470674,1473874,14706.74,14738.74,7.56835938,5.49682985
1473874,1477074,14738.74,14770.74,8.74023438,4.70455089
1477074,1480274,14770.74,14802.74,14.7705078,5.20500424
1480274,1483474,14802.74,14834.74,10.0097656,5.74970283
1483474,1486674,14834.74,14866.74,9.61914062,5.41635016
1486674,1489874,14866.74,14898.74,8.64257812,6.77914129
1489874,1493074,14898.74,14930.74,7.91015625,5.38410396
1493074,1496274,14930.74,14962.74,6.68945312,6.25783952
1496274,1499474,14962.74,14994.74,6.640625,5.78528426
1499474,1502674,14994.74,15026.74,6.76269531,6.73496994
1502674,1505874,15026.74,15058.74,8.08105469,5.99317085
1505874,1509074,15058.74,15090.74,8.30078125,5.34089848
1509074,1512274,15090.74,15122.74,8.203125,5.0373848
1512274,1515474,15122.74,15154.74,8.15429688,4.9745888
1515474,1518674,15154.74,15186.74,8.37402344,5.91980716
1518674,1521874,15186.74,15218.74,14.3310547,4.68733704
1521874,1525074,15218.74,15250.74,10.1074219,5.20622015
1525074,1528274,15250.74,15282.74,14.6240234,4.97901597
1528274,1531474,15282.74,15314.74,15.5273438,4.8655231
1531474,1534674,15314.74,15346.74,14.5507812,5.0252875
1534674,1537874,15346.74,15378.74,14.2822266,5.25852223
1537874,1541074,15378.74,15410.74,9.86328125,4.95900911
1541074,1544274,15410.74,15442.74,10.1074219,6.35122378
1544274,1547474,15442.74,15474.74,7.59277344,4.44709484
1547474,1550674,15474.74,15506.74,6.68945312,6.37546564
1550674,1553874,15506.74,15538.74,10.2294922,5.21601584
1553874,1557074,15538.74,15570.74,6.81152344,6.83173105
1557074,1560274,15570.74,15602.74,10.0341797,5.54960775
1560274,1563474,15602.74,15634.74,9.9609375,5.01602457
1563474,1566674,15634.74,15666.74,9.98535156,5.75415801
1566674,1569874,15666.74,15698.74,14.4775391,4.71961281
1569874,1573074,15698.74,15730.74,9.83886719,6.11555578
1573074,1576274,15730.74,15762.74,9.81445312,5.19097848
1576274,1579474,15762.74,15794.74,7.66601562,5.29907003
1579474,1582674,15794.74,15826.74,7.76367188,5.68187923
1582674,1585874,15826.74,15858.74,9.88769531,5.61554697
1585874,1589074,15858.74,15890.74,9.98535156,4.80718568
1589074,1592274,15890.74,15922.74,14.7705078,5.60874543
1592274,1595474,15922.74,15954.74,8.12988281,5.78752625
1595474,1598674,15954.74,15986.74,8.12988281,6.24081379
1598674,1601874,15986.74,16018.74,8.37402344,5.60000087
1601874,1605074,16018.74,16050.74,10.1074219,4.9198173
1605074,1608274,16050.74,16082.74,7.69042969,5.55785765
1608274,1611474,16082.74,16114.74,14.5996094,5.19119384
1611474,1614674,16114.74,16146.74,7.98339844,6.56541771
1614674,1617874,16146.74,16178.74,15.1367188,5.19546185
1617874,1621074,16178.74,16210.74,9.74121094,4.75335621
1621074,1624274,16210.74,16242.74,9.74121094,5.08495274
1624274,1627474,16242.74,16274.74,10.2539062,6.16992601
1635386,1638586,16353.86,16385.86,14.453125,7.86979334
1638586,1641786,16385.86,16417.86,9.39941406,5.84705387
1641786,1644986,16417.86,16449.86,9.88769531,5.46142045
1644986,1648186,16449.86,16481.86,6.34765625,4.99310195
1648186,1651386,16481.86,16513.86,6.59179688,8.33809833
1651386,1654586,16513.86,16545.86,6.61621094,7.93775105
1654586,1657786,16545.86,16577.86,6.59179688,8.31904618
1657786,1660986,16577.86,16609.86,6.66503906,6.33809855
1660986,1664186,16609.86,16641.86,8.10546875,6.27372411
1664186,1667386,16641.86,16673.86,14.9169922,4.98796997
1667386,1670586,16673.86,16705.86,7.78808594,5.27903081
1670586,1673786,16705.86,16737.86,6.66503906,5.1313339
1673786,1676986,16737.86,16769.86,8.34960938,5.32049358
1677285,1680485,16772.85,16804.85,7.93457031,5.16348505
1680485,1683685,16804.85,16836.85,10.15625,5.68734281
1683685,1686885,16836.85,16868.85,9.98535156,6.20809015
1686885,1690085,16868.85,16900.85,10.0341797,5.34982626
1690085,1693285,16900.85,16932.85,7.59277344,5.59400756
1693285,1696485,16932.85,16964.85,7.08007812,4.82264284
1696485,1699685,16964.85,16996.85,4.44335938,6.56108448
1699685,1702885,16996.85,17028.85,13.7451172,4.74583128
1702885,1706085,17028.85,17060.85,10.15625,4.66509468
1706085,1709285,17060.85,17092.85,14.2089844,4.80259276
1709285,1712485,17092.85,17124.85,15.4296875,4.60700081
1712485,1715685,17124.85,17156.85,10.15625,5.12826738
1715685,1718885,17156.85,17188.85,10.0097656,4.44521367
1718885,1722085,17188.85,17220.85,9.9609375,4.90844674
1722085,1725285,17220.85,17252.85,10.0097656,5.53828915
1725285,1728485,17252.85,17284.85,9.88769531,5.59037411
1728485,1731685,17284.85,17316.85,4.24804688,5.27808812
1731685,1734885,17316.85,17348.85,10.0830078,5.5779121
1734885,1738085,17348.85,17380.85,7.08007812,4.85034787
1738085,1741285,17380.85,17412.85,9.91210938,5.61781584
1741285,1744485,17412.85,17444.85,9.88769531,5.21446616
1744485,1747685,17444.85,17476.85,6.68945312,7.19226331
1747685,1750885,17476.85,17508.85,6.56738281,8.69172296
1750885,1754085,17508.85,17540.85,6.71386719,6.3447998
1754085,1757285,17540.85,17572.85,6.90917969,6.1572126
1757285,1760485,17572.85,17604.85,9.25292969,5.56154489
1760485,1763685,17604.85,17636.85,8.56933594,4.98824352
1763685,1766885,17636.85,17668.85,8.52050781,5.49194818
1766885,1770085,17668.85,17700.85,9.86328125,5.33858498
1770085,1773285,17700.85,17732.85,8.42285156,5.36109088
1773285,1776485,17732.85,17764.85,9.54589844,5.47197241
1776485,1779685,17764.85,17796.85,15.9667969,6.29589486
1779685,1782885,17796.85,17828.85,8.27636719,6.02078021
1782885,1786085,17828.85,17860.85,8.0078125,5.31337714
1786085,1789285,17860.85,17892.85,10.2783203,4.72809727
1789285,1792485,17892.85,17924.85,8.64257812,5.82815418
1792485,1795685,17924.85,17956.85,6.73828125,6.30765101
1795685,1798885,17956.85,17988.85,6.71386719,7.53645948
1798885,1802085,17988.85,18020.85,6.59179688,6.05746058
1802085,1805285,18020.85,18052.85,6.640625,6.48806438
1805285,1808485,18052.85,18084.85,6.640625,7.25429754
1808485,1811685,18084.85,18116.85,9.39941406,6.12542657
1811685,1814885,18116.85,18148.85,8.0078125,5.00374402
1814885,1818085,18148.85,18180.85,9.86328125,4.23209039
1818085,1821285,18180.85,18212.85,8.71582031,6.48536903
1821285,1824485,18212.85,18244.85,15.0634766,4.82649288
1824485,1827685,18244.85,18276.85,9.5703125,5.31217331
1827685,1830885,18276.85,18308.85,8.64257812,4.98280571
1830885,1834085,18308.85,18340.85,8.10546875,5.7327404
1834085,1837285,18340.85,18372.85,9.54589844,4.72774318
1837285,1840485,18372.85,18404.85,6.54296875,5.97096267
1840485,1843685,18404.85,18436.85,9.64355469,6.15274291
1843685,1846885,18436.85,18468.85,10.15625,4.97046472
1846885,1850085,18468.85,18500.85,4.41894531,5.09362578
1850085,1853285,18500.85,18532.85,6.93359375,5.23057199
1853285,1856485,18532.85,18564.85,6.81152344,5.25038835
1856485,1859685,18564.85,18596.85,14.84375,4.74413307
1859685,1862885,18596.85,18628.85,9.98535156,5.59775281
1862885,1866085,18628.85,18660.85,10.0341797,5.26174884
1866085,1869285,18660.85,18692.85,9.86328125,5.05248434
1869285,1872485,18692.85,18724.85,14.5019531,4.56708898
1872485,1875685,18724.85,18756.85,7.17773438,4.40024714
1875685,1878885,18756.85,18788.85,9.98535156,5.65631819
1878885,1882085,18788.85,18820.85,10.0097656,6.54948935
1882085,1885285,18820.85,18852.85,9.86328125,4.34825379
1885285,1888485,18852.85,18884.85,14.1113281,4.59095162
1888485,1891685,18884.85,18916.85,10.0341797,5.05818851
1891685,1894885,18916.85,18948.85,9.93652344,4.69096534
1894885,1898085,18948.85,18980.85,9.93652344,4.62157131
1898085,1901285,18980.85,19012.85,10.0097656,4.71834779
1901285,1904485,19012.85,19044.85,8.49609375,5.82405307
1904485,1907685,19044.85,19076.85,8.66699219,5.97171001
1907685,1910885,19076.85,19108.85,9.66796875,5.68638724
1910885,1914085,19108.85,19140.85,8.34960938,4.96640947
1914085,1917285,19140.85,19172.85,8.66699219,4.72389339
1917285,1920485,19172.85,19204.85,10.3027344,5.18391795
1920485,1923685,19204.85,19236.85,8.42285156,4.49491476
1923685,1926885,19236.85,19268.85,8.49609375,5.09598854
1926885,1930085,19268.85,19300.85,8.08105469,4.88356701
1930085,1933285,19300.85,19332.85,15.5273438,5.12247252
1933285,1936485,19332.85,19364.85,9.71679688,5.3528269
1936485,1939685,19364.85,19396.85,6.61621094,7.5701301
1939685,1942885,19396.85,19428.85,6.59179688,6.52040846
1942885,1946085,19428.85,19460.85,6.66503906,6.67583514
1946085,1949285,19460.85,19492.85,6.86035156,8.4066258
1949285,1952485,19492.85,19524.85,6.51855469,7.08804112
1952485,1955685,19524.85,19556.85,8.42285156,6.58129103
1955685,1958885,19556.85,19588.85,6.640625,5.63982482
1958885,1962085,19588.85,19620.85,8.7890625,5.13262293
1962085,1965285,19620.85,19652.85,9.10644531,5.32434966
1965285,1968485,19652.85,19684.85,8.3984375,5.50159899
1968485,1971685,19684.85,19716.85,6.61621094,4.78366683
1971685,1974885,19716.85,19748.85,9.9609375,5.14889892
1974885,1978085,19748.85,19780.85,9.52148438,5.16759686
1978085,1981285,19780.85,19812.85,6.10351562,5.32367846
1981285,1984485,19812.85,19844.85,8.66699219,6.19819933
1984485,1987685,19844.85,19876.85,15.0634766,6.05089587
1987685,1990885,19876.85,19908.85,10.2050781,5.54596016
1990885,1994085,19908.85,19940.85,15.0146484,6.10082699
1994085,1997285,19940.85,19972.85,8.32519531,5.40476783
1997285,2000485,19972.85,20004.85,6.66503906,6.19350702
2000485,2003685,20004.85,20036.85,6.68945312,8.34265361
2003685,2006885,20036.85,20068.85,6.54296875,7.18485019
2006885,2010085,20068.85,20100.85,6.66503906,6.71749819
2010085,2013285,20100.85,20132.85,6.66503906,8.090412
2013285,2016485,20132.85,20164.85,6.640625,5.84020866
2016485,2019685,20164.85,20196.85,8.86230469,5.14984432
2019685,2022885,20196.85,20228.85,8.0078125,5.46921159
2023753,2026953,20237.53,20269.53,9.86328125,5.41748103
2026953,2030153,20269.53,20301.53,7.51953125,5.44919129
2030153,2033353,20301.53,20333.53,10.0341797,5.7847932
2033353,2036553,20333.53,20365.53,10.0097656,5.52327176
2036553,2039753,20365.53,20397.53,10.0341797,5.15705636
2039753,2042953,20397.53,20429.53,10.1318359,4.93526593
2042953,2046153,20429.53,20461.53,4.39453125,4.83745683
2046153,2049353,20461.53,20493.53,9.93652344,5.18014554
2049353,2052553,20493.53,20525.53,9.91210938,5.25632601
2052553,2055753,20525.53,20557.53,14.5507812,4.35120843
2055753,2058953,20557.53,20589.53,14.7705078,4.95913015
2059314,2062514,20593.14,20625.14,16.9189453,5.09545798
2062514,2065714,20625.14,20657.14,9.52148438,4.77082831
2065714,2068914,20657.14,20689.14,9.93652344,5.52009296
2068914,2072114,20689.14,20721.14,8.93554688,5.4499525
2072114,2075314,20721.14,20753.14,9.30175781,6.53639595
2075314,2078514,20753.14,20785.14,8.59375,4.97183582
2078514,2081714,20785.14,20817.14,6.66503906,5.32319463
2081714,2084914,20817.14,20849.14,9.69238281,6.73999786
2084914,2088114,20849.14,20881.14,8.3984375,6.02969817
2088114,2091314,20881.14,20913.14,7.98339844,4.49006307
2091314,2094514,20913.14,20945.14,9.66796875,4.94979
2094514,2097714,20945.14,20977.14,8.05664062,4.77320163
2097714,2100914,20977.14,21009.14,15.0146484,4.56033594
2100914,2104114,21009.14,21041.14,9.88769531,4.96696384
2104114,2107314,21041.14,21073.14,15.3808594,4.98696646
2107314,2110514,21073.14,21105.14,15.0878906,5.01062983
2112285,2115485,21122.85,21154.85,10.0585938,5.04674078
2115485,2118685,21154.85,21186.85,10.0341797,4.79945217
2118685,2121885,21186.85,21218.85,9.93652344,4.61201056
2121885,2125085,21218.85,21250.85,9.98535156,4.60889914
2125085,2128285,21250.85,21282.85,10.0341797,4.88513746
2128285,2131485,21282.85,21314.85,4.1015625,5.5260425
2131485,2134685,21314.85,21346.85,9.91210938,4.26466956
2134685,2137885,21346.85,21378.85,19.7265625,4.4252859
2137885,2141085,21378.85,21410.85,13.9892578,6.44305157
2142232,2145432,21422.32,21454.32,14.7949219,8.27054607
2145432,2148632,21454.32,21486.32,4.19921875,5.62977751
2158378,2161578,21583.78,21615.78,10.0830078,4.66374218
2161578,2164778,21615.78,21647.78,10.0585938,6.12656044
2164778,2167978,21647.78,21679.78,10.0585938,4.93464869
2167978,2171178,21679.78,21711.78,10.0097656,4.48975178
2171178,2174378,21711.78,21743.78,10.3027344,4.36423782
2174378,2177578,21743.78,21775.78,10.0341797,5.36366269
2177578,2180778,21775.78,21807.78,4.34570312,4.54424129
2180778,2183978,21807.78,21839.78,6.81152344,5.15843758
2183978,2187178,21839.78,21871.78,10.2783203,4.01460776
2190184,2193384,21901.84,21933.84,6.78710938,5.92825553
2193384,2196584,21933.84,21965.84,4.32128906,5.13384384
2196584,2199784,21965.84,21997.84,14.7949219,4.69775823
2199784,2202984,21997.84,22029.84,10.0097656,4.66716437
2202984,2206184,22029.84,22061.84,10.2294922,5.24390283
2206184,2209384,22061.84,22093.84,15.1367188,4.61159759
2209384,2212584,22093.84,22125.84,10.0830078,5.71417678
2212584,2215784,22125.84,22157.84,10.1806641,5.15204173
2215784,2218984,22157.84,22189.84,10.0585938,5.84217369
2218984,2222184,22189.84,22221.84,4.32128906,6.13201806
2222184,2225384,22221.84,22253.84,10.0341797,5.05475852
2225384,2228584,22253.84,22285.84,10.0097656,4.52961494
2228584,2231784,22285.84,22317.84,9.98535156,5.70609462
2232665,2235865,22326.65,22358.65,10.0097656,5.22032775
2235865,2239065,22358.65,22390.65,10.0830078,4.80033454
2239065,2242265,22390.65,22422.65,6.68945312,3.9985413
2242265,2245465,22422.65,22454.65,6.81152344,6.06411475
2245465,2248665,22454.65,22486.65,6.54296875,7.82260636
2248665,2251865,22486.65,22518.65,6.76269531,8.292766
2251865,2255065,22518.65,22550.65,6.73828125,6.85162837
2255065,2258265,22550.65,22582.65,10.0341797,5.3881116
2258265,2261465,22582.65,22614.65,10.15625,5.06356015
2261465,2264665,22614.65,22646.65,9.91210938,4.82514875
2264665,2267865,22646.65,22678.65,9.88769531,6.08887132
2267865,2271065,22678.65,22710.65,10.1318359,6.12115355
2271065,2274265,22710.65,22742.65,10.1318359,5.87589175
2274265,2277465,22742.65,22774.65,9.93652344,5.47892452
2277465,2280665,22774.65,22806.65,10.0830078,5.26739243
2280665,2283865,22806.65,22838.65,4.22363281,5.4105368
2283865,2287065,22838.65,22870.65,9.93652344,5.89022043
2287065,2290265,22870.65,22902.65,10.0097656,5.05850909
2290265,2293465,22902.65,22934.65,9.83886719,5.71550121
2293465,2296665,22934.65,22966.65,10.0097656,5.50455978
2296665,2299865,22966.65,22998.65,6.78710938,4.78806098
2299865,2303065,22998.65,23030.65,10.0097656,5.37232528
2303065,2306265,23030.65,23062.65,6.86035156,5.60992743
2306265,2309465,23062.65,23094.65,6.66503906,6.2718242
2309465,2312665,23094.65,23126.65,10.1318359,5.98670678
2312665,2315865,23126.65,23158.65,9.93652344,5.79617933
2315865,2319065,23158.65,23190.65,9.9609375,5.68518164
2319065,2322265,23190.65,23222.65,6.81152344,5.16604815
2322265,2325465,23222.65,23254.65,10.2539062,5.48858944
2325465,2328665,23254.65,23286.65,9.88769531,5.40341194
2328665,2331865,23286.65,23318.65,14.5996094,5.65431641
2331865,2335065,23318.65,23350.65,8.69140625,5.99823569
2335065,2338265,23350.65,23382.65,10.2050781,6.11636568
2338265,2341465,23382.65,23414.65,8.49609375,5.3823234
2341465,2344665,23414.65,23446.65,8.10546875,5.48566116
2344665,2347865,23446.65,23478.65,8.3984375,7.28509799
2347865,2351065,23478.65,23510.65,6.61621094,7.86575353
2351065,2354265,23510.65,23542.65,6.56738281,8.32072271
2354265,2357465,23542.65,23574.65,10.0097656,7.52002201
2357465,2360665,23574.65,23606.65,9.9609375,6.12773983
2360665,2363865,23606.65,23638.65,6.68945312,6.79360362
2363865,2367065,23638.65,23670.65,6.61621094,7.82468787
2367065,2370265,23670.65,23702.65,6.59179688,6.49822938
2370265,2373465,23702.65,23734.65,6.4453125,6.10944616
2373465,2376665,23734.65,23766.65,9.98535156,5.03484541
2376665,2379865,23766.65,23798.65,8.95996094,5.41320523
2379865,2383065,23798.65,23830.65,8.69140625,5.64871201
2383065,2386265,23830.65,23862.65,8.56933594,5.54980202
2386265,2389465,23862.65,23894.65,8.17871094,6.31588659
2389465,2392665,23894.65,23926.65,9.03320312,5.95269108
2392665,2395865,23926.65,23958.65,10.0341797,5.96810882
2395865,2399065,23958.65,23990.65,9.10644531,5.16258434
2399065,2402265,23990.65,24022.65,8.42285156,5.74085152
2402265,2405465,24022.65,24054.65,8.3984375,6.18734854
2405465,2408665,24054.65,24086.65,8.74023438,6.17833245
2408665,2411865,24086.65,24118.65,10.0830078,5.70857643
2411865,2415065,24118.65,24150.65,8.54492188,5.35492603
2415065,2418265,24150.65,24182.65,8.56933594,4.66163025
2418265,2421465,24182.65,24214.65,8.91113281,4.62484789
2421465,2424665,24214.65,24246.65,10.15625,5.7568975
2424665,2427865,24246.65,24278.65,7.66601562,5.97295091
2427865,2431065,24278.65,24310.65,10.0830078,4.91604554
2431065,2434265,24310.65,24342.65,8.64257812,5.41092426
2434265,2437465,24342.65,24374.65,8.15429688,6.59816397
2437465,2440665,24374.65,24406.65,10.2539062,6.43954611
2440665,2443865,24406.65,24438.65,8.203125,6.19782219
2443865,2447065,24438.65,24470.65,8.44726562,5.425882
2447065,2450265,24470.65,24502.65,8.86230469,6.2529236
2450265,2453465,24502.65,24534.65,8.42285156,5.46257686
2453465,2456665,24534.65,24566.65,14.7216797,5.44226096
2456665,2459865,24566.65,24598.65,14.6484375,5.02202133
2459865,2463065,24598.65,24630.65,9.27734375,5.30049989
2463065,2466265,24630.65,24662.65,9.98535156,4.86015284
2466265,2469465,24662.65,24694.65,8.44726562,5.28282879
2469465,2472665,24694.65,24726.65,8.47167969,5.76778822
2472665,2475865,24726.65,24758.65,8.37402344,5.11288962
2475865,2479065,24758.65,24790.65,8.203125,6.23957353
2479065,2482265,24790.65,24822.65,8.32519531,6.46477595
2482265,2485465,24822.65,24854.65,8.42285156,6.08889406
2485465,2488665,24854.65,24886.65,8.64257812,6.23557109
2488665,2491865,24886.65,24918.65,8.83789062,5.86906209
2491865,2495065,24918.65,24950.65,6.640625,6.13493546
2495065,2498265,24950.65,24982.65,6.73828125,6.80602599
2498265,2501465,24982.65,25014.65,6.61621094,7.52715408
2501465,2504665,25014.65,25046.65,6.71386719,6.64849084
2504665,2507865,25046.65,25078.65,8.203125,6.26891658
2507865,2511065,25078.65,25110.65,6.73828125,6.31070596
2511065,2514265,25110.65,25142.65,8.25195312,6.47942013
2514265,2517465,25142.65,25174.65,8.71582031,5.93380432
2517465,2520665,25174.65,25206.65,8.47167969,5.86095993
2520665,2523865,25206.65,25238.65,9.91210938,5.67072173
2523865,2527065,25238.65,25270.65,8.69140625,5.64774594
2527065,2530265,25270.65,25302.65,9.98535156,4.76692989
2530265,2533465,25302.65,25334.65,9.39941406,6.22456108
2533465,2536665,25334.65,25366.65,9.91210938,6.12310655
2536665,2539865,25366.65,25398.65,8.64257812,5.61218495
2539865,2543065,25398.65,25430.65,9.03320312,5.5081191
2543065,2546265,25430.65,25462.65,10.0585938,6.01421098
2546265,2549465,25462.65,25494.65,8.61816406,6.26293809
2549465,2552665,25494.65,25526.65,8.52050781,5.49488689
2552665,2555865,25526.65,25558.65,8.203125,5.66840062
2555865,2559065,25558.65,25590.65,10.0097656,6.16159607
2559065,2562265,25590.65,25622.65,8.64257812,5.72137728
2562265,2565465,25622.65,25654.65,10.0097656,6.84806578
2565465,2568665,25654.65,25686.65,10.1318359,6.24303008
2568665,2571865,25686.65,25718.65,10.1806641,5.03978982
2571865,2575065,25718.65,25750.65,8.17871094,5.27623653
2575065,2578265,25750.65,25782.65,8.64257812,5.30284317
2578265,2581465,25782.65,25814.65,6.49414062,4.76128088
2581465,2584665,25814.65,25846.65,8.30078125,5.41616733
2588412,2591612,25884.12,25916.12,8.32519531,6.71048298
2591612,2594812,25916.12,25948.12,8.52050781,5.82935205
2594812,2598012,25948.12,25980.12,8.83789062,5.26463812
2598012,2601212,25980.12,26012.12,8.74023438,6.23547509
2601212,2604412,26012.12,26044.12,10.1806641,5.31500619
2604412,2607612,26044.12,26076.12,8.64257812,5.73787448
2607612,2610812,26076.12,26108.12,8.86230469,5.60913934
2610812,2614012,26108.12,26140.12,9.91210938,5.05289951
2614012,2617212,26140.12,26172.12,8.42285156,6.26151828
2617212,2620412,26172.12,26204.12,10.1318359,5.87069741
2620412,2623612,26204.12,26236.12,0.732421875,5.39882068
2623612,2626812,26236.12,26268.12,8.52050781,5.33119824
2626812,2630012,26268.12,26300.12,8.56933594,6.23358624
2630012,2633212,26300.12,26332.12,14.8193359,5.97713391
2633212,2636412,26332.12,26364.12,8.42285156,6.2704328
2636412,2639612,26364.12,26396.12,8.3984375,5.69412325
2639612,2642812,26396.12,26428.12,8.25195312,6.19974111
2642812,2646012,26428.12,26460.12,10.0585938,5.07064772
2646012,2649212,26460.12,26492.12,8.10546875,5.85946565
2649212,2652412,26492.12,26524.12,10.0097656,6.3420109
2652412,2655612,26524.12,26556.12,8.49609375,4.78058408
2655612,2658812,26556.12,26588.12,8.66699219,5.15286918
2658812,2662012,26588.12,26620.12,8.32519531,7.17209609
2662012,2665212,26620.12,26652.12,8.64257812,6.24656004
2665212,2668412,26652.12,26684.12,9.52148438,6.22635857
2668412,2671612,26684.12,26716.12,9.69238281,5.10687074
2671612,2674812,26716.12,26748.12,10.1806641,5.41982345
2674812,2678012,26748.12,26780.12,8.17871094,5.80382833
2678012,2681212,26780.12,26812.12,8.30078125,6.66110029
2681212,2684412,26812.12,26844.12,8.37402344,6.56186482
2684412,2687612,26844.12,26876.12,9.05761719,5.15875745
2687612,2690812,26876.12,26908.12,8.17871094,5.05214185
2690812,2694012,26908.12,26940.12,8.34960938,5.42400682
2694012,2697212,26940.12,26972.12,8.54492188,6.14730191
2697212,2700412,26972.12,27004.12,7.95898438,5.9057681
2700412,2703612,27004.12,27036.12,8.27636719,5.95894908
2703612,2706812,27036.12,27068.12,8.25195312,5.76373117
2706812,2710012,27068.12,27100.12,8.15429688,5.69455515
2710012,2713212,27100.12,27132.12,9.98535156,5.52618656
2713212,2716412,27132.12,27164.12,10.0585938,5.41344455
2716412,2719612,27164.12,27196.12,8.05664062,5.99581912
2719612,2722812,27196.12,27228.12,10.0097656,5.81792857
2722812,2726012,27228.12,27260.12,10.0830078,5.87980558
2726012,2729212,27260.12,27292.12,8.08105469,7.2831022
2729212,2732412,27292.12,27324.12,8.22753906,5.98040121
2732412,2735612,27324.12,27356.12,10.1318359,5.61144005
2735612,2738812,27356.12,27388.12,10.1806641,5.57212643
2738812,2742012,27388.12,27420.12,10.0830078,5.64467066
2742012,2745212,27420.12,27452.12,9.86328125,4.91241393
2745212,2748412,27452.12,27484.12,9.9609375,5.30076187
2748412,2751612,27484.12,27516.12,8.12988281,6.13298643
2751612,2754812,27516.12,27548.12,9.86328125,5.72739365
2754812,2758012,27548.12,27580.12,8.10546875,4.88030262
2758012,2761212,27580.12,27612.12,7.95898438,5.44028867
2761212,2764412,27612.12,27644.12,8.0078125,5.20235019
2764412,2767612,27644.12,27676.12,8.08105469,5.3633554
2767612,2770812,27676.12,27708.12,8.17871094,5.58521112
2770812,2774012,27708.12,27740.12,10.1074219,5.00936778
2774012,2777212,27740.12,27772.12,8.12988281,6.19204877
2777212,2780412,27772.12,27804.12,9.98535156,5.73837796
2780412,2783612,27804.12,27836.12,10.3515625,6.32371651
2783612,2786812,27836.12,27868.12,15.4296875,7.152056
2786812,2790012,27868.12,27900.12,14.3798828,5.29219923
2790012,2793212,27900.12,27932.12,14.1113281,5.01328065
2793212,2796412,27932.12,27964.12,0.537109375,5.14737544
2796412,2799612,27964.12,27996.12,15.8935547,7.88617733
