original_file,sha256,action
Datos Acelerografo/LB.CBUCF.10.HNE_titanSMA_1614_20230518_000000.miniseed,6452882d678431fb9af69c4bb9f46a01fadf3d6572bb808ec139fdbdeb75bb5d,verified_duplicate
Datos Acelerografo/LB.CBUCF.10.HNE_titanSMA_1614_20230518_000000.miniseed:Zone.Identifier,b952d24cf701bc4e7a7d21e1ae85c611824e80579a89836c0cb49b193446ccfe,metadata
Datos Acelerografo/LB.CBUCF.10.HNE_titanSMA_1614_20230519_000000.miniseed,80f668773ecaf91a13f684a0c6396705951a1f095e20d0bbad1f20835ee8433f,verified_duplicate
Datos Acelerografo/LB.CBUCF.10.HNE_titanSMA_1614_20230519_000000.miniseed:Zone.Identifier,b952d24cf701bc4e7a7d21e1ae85c611824e80579a89836c0cb49b193446ccfe,metadata
Datos Acelerografo/LB.CBUCF.10.HNE_titanSMA_1614_20230520_000000.miniseed,bfecd8823846d53ee3bc2dd1f862aacc4ee115bd1546725a54e5ec16889a39fa,verified_duplicate
Datos Acelerografo/LB.CBUCF.10.HNE_titanSMA_1614_20230520_000000.miniseed:Zone.Identifier,b952d24cf701bc4e7a7d21e1ae85c611824e80579a89836c0cb49b193446ccfe,metadata
Datos Acelerografo/LB.CBUCF.10.HNE_titanSMA_1614_20230522_000000.miniseed.part,a54d037a7d1d7eb896c48fe3fcfc23031497aadfd2b6ccfc58bf53402fd8a0d7,verified_duplicate
Datos Acelerografo/LB.CBUCF.10.HNE_titanSMA_1614_20230522_000000.miniseed.part:Zone.Identifier,b952d24cf701bc4e7a7d21e1ae85c611824e80579a89836c0cb49b193446ccfe,metadata
Datos Acelerografo/LB.CBUCF.10.HNN_titanSMA_1614_20230518_000000.miniseed,796e7755306e3f718f17d97f9409b447bb76c78f12f535b107ebbf261cb03664,verified_duplicate
Datos Acelerografo/LB.CBUCF.10.HNN_titanSMA_1614_20230518_000000.miniseed:Zone.Identifier,b952d24cf701bc4e7a7d21e1ae85c611824e80579a89836c0cb49b193446ccfe,metadata
Datos Acelerografo/LB.CBUCF.10.HNN_titanSMA_1614_20230519_000000.miniseed,5028a895fcb2990e62c40e6916b818102f8844d82aae8d586e33d4114b523605,verified_duplicate
Datos Acelerografo/LB.CBUCF.10.HNN_titanSMA_1614_20230519_000000.miniseed:Zone.Identifier,b952d24cf701bc4e7a7d21e1ae85c611824e80579a89836c0cb49b193446ccfe,metadata
Datos Acelerografo/LB.CBUCF.10.HNN_titanSMA_1614_20230520_000000.miniseed,7005e27dbb1a75a3e4aa1936e196a0e4d252bc07fcc781dd054f9c0eae89c60f,verified_duplicate
Datos Acelerografo/LB.CBUCF.10.HNN_titanSMA_1614_20230520_000000.miniseed:Zone.Identifier,b952d24cf701bc4e7a7d21e1ae85c611824e80579a89836c0cb49b193446ccfe,metadata
Datos Acelerografo/LB.CBUCF.10.HNN_titanSMA_1614_20230522_000000.miniseed.part,2651c2d7b813d61fb68eb710d8a05bd073c161873956e1beffdcb2a4f4a4a89e,verified_duplicate
Datos Acelerografo/LB.CBUCF.10.HNN_titanSMA_1614_20230522_000000.miniseed.part:Zone.Identifier,b952d24cf701bc4e7a7d21e1ae85c611824e80579a89836c0cb49b193446ccfe,metadata
Datos Acelerografo/LB.CBUCF.10.HNZ_titanSMA_1614_20230518_000000.miniseed,cd5134cb27a000a1b68c6e27a4f78a7fb05ecb5c02c75f0c1b486745f3d7fb41,verified_duplicate
Datos Acelerografo/LB.CBUCF.10.HNZ_titanSMA_1614_20230518_000000.miniseed:Zone.Identifier,b952d24cf701bc4e7a7d21e1ae85c611824e80579a89836c0cb49b193446ccfe,metadata
Datos Acelerografo/LB.CBUCF.10.HNZ_titanSMA_1614_20230519_000000.miniseed,4a914d8a1b7c173c4212a9a6db86e078fffe37c55d504904a8171d3e76a49c48,verified_duplicate
Datos Acelerografo/LB.CBUCF.10.HNZ_titanSMA_1614_20230519_000000.miniseed:Zone.Identifier,b952d24cf701bc4e7a7d21e1ae85c611824e80579a89836c0cb49b193446ccfe,metadata
Datos Acelerografo/LB.CBUCF.10.HNZ_titanSMA_1614_20230520_000000.miniseed,e28ceaa2dfcf81af6cd99908c912dcf29896b019bef9cd69a4164a9c84b889a1,verified_duplicate
Datos Acelerografo/LB.CBUCF.10.HNZ_titanSMA_1614_20230520_000000.miniseed:Zone.Identifier,b952d24cf701bc4e7a7d21e1ae85c611824e80579a89836c0cb49b193446ccfe,metadata
Datos Acelerografo/LB.CBUCF.10.HNZ_titanSMA_1614_20230522_000000.miniseed.part,cee4b93008a52e0a4747a73838a198fb39e613ee272a628f6b2bc46c5621998e,verified_duplicate
Datos Acelerografo/LB.CBUCF.10.HNZ_titanSMA_1614_20230522_000000.miniseed.part:Zone.Identifier,b952d24cf701bc4e7a7d21e1ae85c611824e80579a89836c0cb49b193446ccfe,metadata
Datos Acelerografo/Registro  may 20.zip,cd81c589c28d9fe73a0e39f99882e6e08b83ad040f380faf2fbe0d3b5712c1d0,verified_duplicate
Datos Acelerografo/Registro  may 20.zip:Zone.Identifier,b952d24cf701bc4e7a7d21e1ae85c611824e80579a89836c0cb49b193446ccfe,metadata
Datos Acelerografo/Registro May 22.zip,ff609639a081902c3b64069f22a4e36200e893aa4207bacd16ad4e90f22e8824,verified_duplicate
Datos Acelerografo/Registro May 22.zip:Zone.Identifier,b952d24cf701bc4e7a7d21e1ae85c611824e80579a89836c0cb49b193446ccfe,metadata
Datos Acelerografo/Registro de archivos acelerografo triaxial/Mayo 20/LB.CBUCF.10.HNE_titanSMA_1614_20230520_000000.miniseed,bfecd8823846d53ee3bc2dd1f862aacc4ee115bd1546725a54e5ec16889a39fa,verified_duplicate
Datos Acelerografo/Registro de archivos acelerografo triaxial/Mayo 20/LB.CBUCF.10.HNE_titanSMA_1614_20230520_000000.miniseed:Zone.Identifier,b952d24cf701bc4e7a7d21e1ae85c611824e80579a89836c0cb49b193446ccfe,metadata
Datos Acelerografo/Registro de archivos acelerografo triaxial/Mayo 20/LB.CBUCF.10.HNN_titanSMA_1614_20230520_000000.miniseed,7005e27dbb1a75a3e4aa1936e196a0e4d252bc07fcc781dd054f9c0eae89c60f,verified_duplicate
Datos Acelerografo/Registro de archivos acelerografo triaxial/Mayo 20/LB.CBUCF.10.HNN_titanSMA_1614_20230520_000000.miniseed:Zone.Identifier,b952d24cf701bc4e7a7d21e1ae85c611824e80579a89836c0cb49b193446ccfe,metadata
Datos Acelerografo/Registro de archivos acelerografo triaxial/Mayo 20/LB.CBUCF.10.HNZ_titanSMA_1614_20230520_000000.miniseed,e28ceaa2dfcf81af6cd99908c912dcf29896b019bef9cd69a4164a9c84b889a1,verified_duplicate
Datos Acelerografo/Registro de archivos acelerografo triaxial/Mayo 20/LB.CBUCF.10.HNZ_titanSMA_1614_20230520_000000.miniseed:Zone.Identifier,b952d24cf701bc4e7a7d21e1ae85c611824e80579a89836c0cb49b193446ccfe,metadata
Datos Acelerografo/Registro de archivos acelerografo triaxial/Mayo 22/LB.CBUCF.10.HNE_titanSMA_1614_20230522_000000.miniseed,a54d037a7d1d7eb896c48fe3fcfc23031497aadfd2b6ccfc58bf53402fd8a0d7,verified_duplicate
Datos Acelerografo/Registro de archivos acelerografo triaxial/Mayo 22/LB.CBUCF.10.HNE_titanSMA_1614_20230522_000000.miniseed:Zone.Identifier,b952d24cf701bc4e7a7d21e1ae85c611824e80579a89836c0cb49b193446ccfe,metadata
Datos Acelerografo/Registro de archivos acelerografo triaxial/Mayo 22/LB.CBUCF.10.HNN_titanSMA_1614_20230522_000000.miniseed,2651c2d7b813d61fb68eb710d8a05bd073c161873956e1beffdcb2a4f4a4a89e,verified_duplicate
Datos Acelerografo/Registro de archivos acelerografo triaxial/Mayo 22/LB.CBUCF.10.HNN_titanSMA_1614_20230522_000000.miniseed:Zone.Identifier,b952d24cf701bc4e7a7d21e1ae85c611824e80579a89836c0cb49b193446ccfe,metadata
Datos Acelerografo/Registro de archivos acelerografo triaxial/Mayo 22/LB.CBUCF.10.HNZ_titanSMA_1614_20230522_000000.miniseed,cee4b93008a52e0a4747a73838a198fb39e613ee272a628f6b2bc46c5621998e,verified_duplicate
Datos Acelerografo/Registro de archivos acelerografo triaxial/Mayo 22/LB.CBUCF.10.HNZ_titanSMA_1614_20230522_000000.miniseed:Zone.Identifier,b952d24cf701bc4e7a7d21e1ae85c611824e80579a89836c0cb49b193446ccfe,metadata
Datos Acelerografo/Registro de archivos acelerografo triaxial/Registro  may 20.zip,872e154a834eb04e29105f19b61f304b0eaec7c3a78345a57595c7e0a69a088e,verified_duplicate
Datos Acelerografo/Registro de archivos acelerografo triaxial/Registro  may 20.zip:Zone.Identifier,b952d24cf701bc4e7a7d21e1ae85c611824e80579a89836c0cb49b193446ccfe,metadata
Datos Acelerografo/Registro de archivos acelerografo triaxial/Registro May 22.zip,416641edeb381c353c9f40cd16a305099fa9fb1cdca2e49525453401a782ebc4,verified_duplicate
Datos Acelerografo/Registro de archivos acelerografo triaxial/Registro May 22.zip:Zone.Identifier,b952d24cf701bc4e7a7d21e1ae85c611824e80579a89836c0cb49b193446ccfe,metadata
Datos Acelerografo/Registro de archivos acelerografo triaxial/mayo 19/LB.CBUCF.10.HNE_titanSMA_1614_20230519_000000.miniseed,80f668773ecaf91a13f684a0c6396705951a1f095e20d0bbad1f20835ee8433f,verified_duplicate
Datos Acelerografo/Registro de archivos acelerografo triaxial/mayo 19/LB.CBUCF.10.HNE_titanSMA_1614_20230519_000000.miniseed:Zone.Identifier,b952d24cf701bc4e7a7d21e1ae85c611824e80579a89836c0cb49b193446ccfe,metadata
Datos Acelerografo/Registro de archivos acelerografo triaxial/mayo 19/LB.CBUCF.10.HNN_titanSMA_1614_20230519_000000.miniseed,5028a895fcb2990e62c40e6916b818102f8844d82aae8d586e33d4114b523605,verified_duplicate
Datos Acelerografo/Registro de archivos acelerografo triaxial/mayo 19/LB.CBUCF.10.HNN_titanSMA_1614_20230519_000000.miniseed:Zone.Identifier,b952d24cf701bc4e7a7d21e1ae85c611824e80579a89836c0cb49b193446ccfe,metadata
Datos Acelerografo/Registro de archivos acelerografo triaxial/mayo 19/LB.CBUCF.10.HNZ_titanSMA_1614_20230519_000000.miniseed,4a914d8a1b7c173c4212a9a6db86e078fffe37c55d504904a8171d3e76a49c48,verified_duplicate
Datos Acelerografo/Registro de archivos acelerografo triaxial/mayo 19/LB.CBUCF.10.HNZ_titanSMA_1614_20230519_000000.miniseed:Zone.Identifier,b952d24cf701bc4e7a7d21e1ae85c611824e80579a89836c0cb49b193446ccfe,metadata
Datos Acelerografo/Registro de archivos acelerografo triaxial.rar,d2d7a06f7a5bc81c21998f664af82ffc71ea47253594667b706967054a8a65c8,verified_duplicate
Datos Acelerografo/Registro de archivos acelerografo triaxial.rar:Zone.Identifier,b952d24cf701bc4e7a7d21e1ae85c611824e80579a89836c0cb49b193446ccfe,metadata
Datos Acelerografo/Registros May 19.zip,59f27931c10bb70d768e8af4ecf2b3a00a1adf20246d2af20071dfafd1d1bf3b,verified_duplicate
Datos Acelerografo/Registros May 19.zip:Zone.Identifier,b952d24cf701bc4e7a7d21e1ae85c611824e80579a89836c0cb49b193446ccfe,metadata
