session_id,date_utc,source_kind,network,station,location_code,physical_site,latitude,longitude,input_files,starttime,endtime,start_bogota,end_bogota,duration_s,sampling_rate_hz,loader_status,time_selected_windows,profile_status,site_status,orientation_and_units
CBUCF_titanSMA_1614_20230519_213500_01,2023-05-19,individual_export,LB,CBUCF,10,unknown,,,data/accelerometer/2023-05-19/CBUCF_titanSMA_1614_20230519_213500.seed,2023-05-19T21:35:00.000000Z,2023-05-19T21:35:23.765000Z,2023-05-19T16:35:00-05:00,2023-05-19T16:35:23.765000-05:00,23.765,200.0,verified,0,fewer_than_two_time_selected_windows,unknown_no_field_log,not_verified
CBUCF_titanSMA_1614_20230519_213500_02,2023-05-19,individual_export,LB,CBUCF,10,unknown,,,data/accelerometer/2023-05-19/CBUCF_titanSMA_1614_20230519_213500.seed,2023-05-19T21:35:24.665000Z,2023-05-19T21:59:42.835000Z,2023-05-19T16:35:24.665000-05:00,2023-05-19T16:59:42.835000-05:00,1458.17,200.0,verified,0,fewer_than_two_time_selected_windows,unknown_no_field_log,not_verified
CBUCF_titanSMA_1614_20230519_221100_01,2023-05-19,individual_export,LB,CBUCF,10,unknown,,,data/accelerometer/2023-05-19/CBUCF_titanSMA_1614_20230519_221100.seed,2023-05-19T22:11:00.000000Z,2023-05-19T22:34:09.450000Z,2023-05-19T17:11:00-05:00,2023-05-19T17:34:09.450000-05:00,1389.45,200.0,verified,0,fewer_than_two_time_selected_windows,unknown_no_field_log,not_verified
CBUCF_titanSMA_1614_20230519_224800_01,2023-05-19,individual_export,LB,CBUCF,10,unknown,,,data/accelerometer/2023-05-19/CBUCF_titanSMA_1614_20230519_224800.seed,2023-05-19T22:48:00.000000Z,2023-05-19T23:13:40.600000Z,2023-05-19T17:48:00-05:00,2023-05-19T18:13:40.600000-05:00,1540.6000000000001,200.0,verified,0,fewer_than_two_time_selected_windows,unknown_no_field_log,not_verified
CBUCF_titanSMA_1614_20230519_232900_01,2023-05-19,individual_export,LB,CBUCF,10,unknown,,,data/accelerometer/2023-05-19/CBUCF_titanSMA_1614_20230519_232900.seed,2023-05-19T23:29:00.000000Z,2023-05-19T23:55:36.240000Z,2023-05-19T18:29:00-05:00,2023-05-19T18:55:36.240000-05:00,1596.24,200.0,verified,0,fewer_than_two_time_selected_windows,unknown_no_field_log,not_verified
CBUCF_titanSMA_1614_20230520_103800_01,2023-05-20,individual_export,LB,CBUCF,10,unknown,,,data/accelerometer/2023-05-20/CBUCF_titanSMA_1614_20230520_103800.seed,2023-05-20T10:38:00.000000Z,2023-05-20T10:38:42.770000Z,2023-05-20T05:38:00-05:00,2023-05-20T05:38:42.770000-05:00,42.77,200.0,verified,0,fewer_than_two_time_selected_windows,unknown_no_field_log,not_verified
CBUCF_titanSMA_1614_20230520_103800_02,2023-05-20,individual_export,LB,CBUCF,10,unknown,,,data/accelerometer/2023-05-20/CBUCF_titanSMA_1614_20230520_103800.seed,2023-05-20T10:38:44.295000Z,2023-05-20T11:01:13.980000Z,2023-05-20T05:38:44.295000-05:00,2023-05-20T06:01:13.980000-05:00,1349.685,200.0,verified,0,fewer_than_two_time_selected_windows,unknown_no_field_log,not_verified
CBUCF_titanSMA_1614_20230520_110900_01,2023-05-20,individual_export,LB,CBUCF,10,unknown,,,data/accelerometer/2023-05-20/CBUCF_titanSMA_1614_20230520_110900.seed,2023-05-20T11:09:00.000000Z,2023-05-20T11:32:17.450000Z,2023-05-20T06:09:00-05:00,2023-05-20T06:32:17.450000-05:00,1397.45,200.0,verified,0,fewer_than_two_time_selected_windows,unknown_no_field_log,not_verified
CBUCF_titanSMA_1614_20230520_113700_01,2023-05-20,individual_export,LB,CBUCF,10,unknown,,,data/accelerometer/2023-05-20/CBUCF_titanSMA_1614_20230520_113700.seed,2023-05-20T11:37:00.000000Z,2023-05-20T11:58:04.450000Z,2023-05-20T06:37:00-05:00,2023-05-20T06:58:04.450000-05:00,1264.45,200.0,verified,0,fewer_than_two_time_selected_windows,unknown_no_field_log,not_verified
CBUCF_titanSMA_1614_20230520_120239_01,2023-05-20,individual_export,LB,CBUCF,10,unknown,,,data/accelerometer/2023-05-20/CBUCF_titanSMA_1614_20230520_120239.seed,2023-05-20T12:02:39.000000Z,2023-05-20T12:03:02.775000Z,2023-05-20T07:02:39-05:00,2023-05-20T07:03:02.775000-05:00,23.775000000000002,200.0,verified,0,fewer_than_two_time_selected_windows,unknown_no_field_log,not_verified
CBUCF_titanSMA_1614_20230520_120239_02,2023-05-20,individual_export,LB,CBUCF,10,unknown,,,data/accelerometer/2023-05-20/CBUCF_titanSMA_1614_20230520_120239.seed,2023-05-20T12:03:04.625000Z,2023-05-20T12:26:18.815000Z,2023-05-20T07:03:04.625000-05:00,2023-05-20T07:26:18.815000-05:00,1394.19,200.0,verified,0,fewer_than_two_time_selected_windows,unknown_no_field_log,not_verified
CBUCF_titanSMA_1614_20230520_120239_03,2023-05-20,individual_export,LB,CBUCF,10,unknown,,,data/accelerometer/2023-05-20/CBUCF_titanSMA_1614_20230520_120239.seed,2023-05-20T12:32:08.350000Z,2023-05-20T12:32:36.995000Z,2023-05-20T07:32:08.350000-05:00,2023-05-20T07:32:36.995000-05:00,28.645,200.0,verified,0,fewer_than_two_time_selected_windows,unknown_no_field_log,not_verified
CBUCF_titanSMA_1614_20230520_120500_01,2023-05-20,individual_export,LB,CBUCF,10,unknown,,,data/accelerometer/2023-05-20/CBUCF_titanSMA_1614_20230520_120500.seed,2023-05-20T12:05:00.000000Z,2023-05-20T12:26:18.815000Z,2023-05-20T07:05:00-05:00,2023-05-20T07:26:18.815000-05:00,1278.815,200.0,verified,0,fewer_than_two_time_selected_windows,unknown_no_field_log,not_verified
CBUCF_titanSMA_1614_20230520_123500_01,2023-05-20,individual_export,LB,CBUCF,10,unknown,,,data/accelerometer/2023-05-20/CBUCF_titanSMA_1614_20230520_123500.seed,2023-05-20T12:35:00.000000Z,2023-05-20T12:37:01.770000Z,2023-05-20T07:35:00-05:00,2023-05-20T07:37:01.770000-05:00,121.77,200.0,verified,0,fewer_than_two_time_selected_windows,unknown_no_field_log,not_verified
CBUCF_titanSMA_1614_20230520_123500_02,2023-05-20,individual_export,LB,CBUCF,10,unknown,,,data/accelerometer/2023-05-20/CBUCF_titanSMA_1614_20230520_123500.seed,2023-05-20T12:37:04.045000Z,2023-05-20T12:59:39.465000Z,2023-05-20T07:37:04.045000-05:00,2023-05-20T07:59:39.465000-05:00,1355.42,200.0,verified,0,fewer_than_two_time_selected_windows,unknown_no_field_log,not_verified
CBUCF_titanSMA_1614_20230520_200700_01,2023-05-20,individual_export,LB,CBUCF,10,unknown,,,data/accelerometer/2023-05-20/CBUCF_titanSMA_1614_20230520_200700.seed,2023-05-20T20:07:00.000000Z,2023-05-20T20:10:25.390000Z,2023-05-20T15:07:00-05:00,2023-05-20T15:10:25.390000-05:00,205.39000000000001,200.0,verified,0,fewer_than_two_time_selected_windows,unknown_no_field_log,not_verified
CBUCF_titanSMA_1614_20230520_200700_02,2023-05-20,individual_export,LB,CBUCF,10,unknown,,,data/accelerometer/2023-05-20/CBUCF_titanSMA_1614_20230520_200700.seed,2023-05-20T20:11:54.350000Z,2023-05-20T20:13:27.765000Z,2023-05-20T15:11:54.350000-05:00,2023-05-20T15:13:27.765000-05:00,93.415,200.0,verified,0,fewer_than_two_time_selected_windows,unknown_no_field_log,not_verified
CBUCF_titanSMA_1614_20230520_200700_03,2023-05-20,individual_export,LB,CBUCF,10,unknown,,,data/accelerometer/2023-05-20/CBUCF_titanSMA_1614_20230520_200700.seed,2023-05-20T20:13:28.870000Z,2023-05-20T20:36:28.255000Z,2023-05-20T15:13:28.870000-05:00,2023-05-20T15:36:28.255000-05:00,1379.385,200.0,verified,1,fewer_than_two_time_selected_windows,unknown_no_field_log,not_verified
CBUCF_titanSMA_1614_20230520_201224_01,2023-05-20,individual_export,LB,CBUCF,10,unknown,,,data/accelerometer/2023-05-20/CBUCF_titanSMA_1614_20230520_201224.seed,2023-05-20T20:12:24.000000Z,2023-05-20T20:13:27.765000Z,2023-05-20T15:12:24-05:00,2023-05-20T15:13:27.765000-05:00,63.765,200.0,verified,0,fewer_than_two_time_selected_windows,unknown_no_field_log,not_verified
CBUCF_titanSMA_1614_20230520_201224_02,2023-05-20,individual_export,LB,CBUCF,10,unknown,,,data/accelerometer/2023-05-20/CBUCF_titanSMA_1614_20230520_201224.seed,2023-05-20T20:13:28.870000Z,2023-05-20T20:36:28.255000Z,2023-05-20T15:13:28.870000-05:00,2023-05-20T15:36:28.255000-05:00,1379.385,200.0,verified,1,fewer_than_two_time_selected_windows,unknown_no_field_log,not_verified
CBUCF_titanSMA_1614_20230520_201224_03,2023-05-20,individual_export,LB,CBUCF,10,unknown,,,data/accelerometer/2023-05-20/CBUCF_titanSMA_1614_20230520_201224.seed,2023-05-20T20:41:48.350000Z,2023-05-20T20:42:17.995000Z,2023-05-20T15:41:48.350000-05:00,2023-05-20T15:42:17.995000-05:00,29.645,200.0,verified,0,fewer_than_two_time_selected_windows,unknown_no_field_log,not_verified
CBUCF_titanSMA_1614_20230520_204400_01,2023-05-20,individual_export,LB,CBUCF,10,unknown,,,data/accelerometer/2023-05-20/CBUCF_titanSMA_1614_20230520_204400.seed,2023-05-20T20:44:00.000000Z,2023-05-20T21:06:39.165000Z,2023-05-20T15:44:00-05:00,2023-05-20T16:06:39.165000-05:00,1359.165,200.0,verified,0,fewer_than_two_time_selected_windows,unknown_no_field_log,not_verified
CBUCF_titanSMA_1614_20230520_211616_01,2023-05-20,individual_export,LB,CBUCF,10,unknown,,,data/accelerometer/2023-05-20/CBUCF_titanSMA_1614_20230520_211616.seed,2023-05-20T21:16:16.000000Z,2023-05-20T21:16:34.730000Z,2023-05-20T16:16:16-05:00,2023-05-20T16:16:34.730000-05:00,18.73,200.0,verified,0,fewer_than_two_time_selected_windows,unknown_no_field_log,not_verified
CBUCF_titanSMA_1614_20230520_211616_02,2023-05-20,individual_export,LB,CBUCF,10,unknown,,,data/accelerometer/2023-05-20/CBUCF_titanSMA_1614_20230520_211616.seed,2023-05-20T21:16:35.395000Z,2023-05-20T21:38:27.115000Z,2023-05-20T16:16:35.395000-05:00,2023-05-20T16:38:27.115000-05:00,1311.72,200.0,verified,0,fewer_than_two_time_selected_windows,unknown_no_field_log,not_verified
CBUCF_titanSMA_1614_20230520_211616_03,2023-05-20,individual_export,LB,CBUCF,10,unknown,,,data/accelerometer/2023-05-20/CBUCF_titanSMA_1614_20230520_211616.seed,2023-05-20T21:45:08.350000Z,2023-05-20T21:45:36.995000Z,2023-05-20T16:45:08.350000-05:00,2023-05-20T16:45:36.995000-05:00,28.645,200.0,verified,0,fewer_than_two_time_selected_windows,unknown_no_field_log,not_verified
CBUCF_titanSMA_1614_20230520_211800_01,2023-05-20,individual_export,LB,CBUCF,10,unknown,,,data/accelerometer/2023-05-20/CBUCF_titanSMA_1614_20230520_211800.seed,2023-05-20T21:18:00.000000Z,2023-05-20T21:38:27.115000Z,2023-05-20T16:18:00-05:00,2023-05-20T16:38:27.115000-05:00,1227.115,200.0,verified,0,fewer_than_two_time_selected_windows,unknown_no_field_log,not_verified
CBUCF_titanSMA_1614_20230520_211800_02,2023-05-20,individual_export,LB,CBUCF,10,unknown,,,data/accelerometer/2023-05-20/CBUCF_titanSMA_1614_20230520_211800.seed,2023-05-20T21:45:08.350000Z,2023-05-20T21:47:59.995000Z,2023-05-20T16:45:08.350000-05:00,2023-05-20T16:47:59.995000-05:00,171.645,200.0,verified,0,fewer_than_two_time_selected_windows,unknown_no_field_log,not_verified
CBUCF_titanSMA_1614_20230522_191559_01,2023-05-22,individual_export,LB,CBUCF,10,unknown,,,data/accelerometer/2023-05-22/CBUCF_titanSMA_1614_20230522_191559.seed,2023-05-22T19:15:59.000000Z,2023-05-22T19:18:53.770000Z,2023-05-22T14:15:59-05:00,2023-05-22T14:18:53.770000-05:00,174.77,200.0,verified,0,fewer_than_two_time_selected_windows,unknown_no_field_log,not_verified
CBUCF_titanSMA_1614_20230522_191559_02,2023-05-22,individual_export,LB,CBUCF,10,unknown,,,data/accelerometer/2023-05-22/CBUCF_titanSMA_1614_20230522_191559.seed,2023-05-22T19:18:55.205000Z,2023-05-22T19:39:50.085000Z,2023-05-22T14:18:55.205000-05:00,2023-05-22T14:39:50.085000-05:00,1254.88,200.0,verified,1,fewer_than_two_time_selected_windows,unknown_no_field_log,not_verified
CBUCF_titanSMA_1614_20230522_191559_03,2023-05-22,individual_export,LB,CBUCF,10,unknown,,,data/accelerometer/2023-05-22/CBUCF_titanSMA_1614_20230522_191559.seed,2023-05-22T19:42:02.350000Z,2023-05-22T19:42:31.995000Z,2023-05-22T14:42:02.350000-05:00,2023-05-22T14:42:31.995000-05:00,29.645,200.0,verified,0,fewer_than_two_time_selected_windows,unknown_no_field_log,not_verified
CBUCF_titanSMA_1614_20230522_191800_01,2023-05-22,individual_export,LB,CBUCF,10,unknown,,,data/accelerometer/2023-05-22/CBUCF_titanSMA_1614_20230522_191800.seed,2023-05-22T19:18:00.000000Z,2023-05-22T19:18:53.770000Z,2023-05-22T14:18:00-05:00,2023-05-22T14:18:53.770000-05:00,53.77,200.0,verified,0,fewer_than_two_time_selected_windows,unknown_no_field_log,not_verified
CBUCF_titanSMA_1614_20230522_191800_02,2023-05-22,individual_export,LB,CBUCF,10,unknown,,,data/accelerometer/2023-05-22/CBUCF_titanSMA_1614_20230522_191800.seed,2023-05-22T19:18:55.205000Z,2023-05-22T19:39:50.085000Z,2023-05-22T14:18:55.205000-05:00,2023-05-22T14:39:50.085000-05:00,1254.88,200.0,verified,1,fewer_than_two_time_selected_windows,unknown_no_field_log,not_verified
CBUCF_titanSMA_1614_20230522_194232_01,2023-05-22,individual_export,LB,CBUCF,10,unknown,,,data/accelerometer/2023-05-22/CBUCF_titanSMA_1614_20230522_194232.seed,2023-05-22T19:42:32.000000Z,2023-05-22T19:42:53.775000Z,2023-05-22T14:42:32-05:00,2023-05-22T14:42:53.775000-05:00,21.775000000000002,200.0,verified,0,fewer_than_two_time_selected_windows,unknown_no_field_log,not_verified
CBUCF_titanSMA_1614_20230522_194232_02,2023-05-22,individual_export,LB,CBUCF,10,unknown,,,data/accelerometer/2023-05-22/CBUCF_titanSMA_1614_20230522_194232.seed,2023-05-22T19:42:55.045000Z,2023-05-22T20:10:27.790000Z,2023-05-22T14:42:55.045000-05:00,2023-05-22T15:10:27.790000-05:00,1652.7450000000001,200.0,verified,0,fewer_than_two_time_selected_windows,unknown_no_field_log,not_verified
CBUCF_titanSMA_1614_20230522_194232_03,2023-05-22,individual_export,LB,CBUCF,10,unknown,,,data/accelerometer/2023-05-22/CBUCF_titanSMA_1614_20230522_194232.seed,2023-05-22T20:17:37.350000Z,2023-05-22T20:18:06.995000Z,2023-05-22T15:17:37.350000-05:00,2023-05-22T15:18:06.995000-05:00,29.645,200.0,verified,0,fewer_than_two_time_selected_windows,unknown_no_field_log,not_verified
CBUCF_titanSMA_1614_20230522_194500_01,2023-05-22,individual_export,LB,CBUCF,10,unknown,,,data/accelerometer/2023-05-22/CBUCF_titanSMA_1614_20230522_194500.seed,2023-05-22T19:45:00.000000Z,2023-05-22T20:10:27.790000Z,2023-05-22T14:45:00-05:00,2023-05-22T15:10:27.790000-05:00,1527.79,200.0,verified,0,fewer_than_two_time_selected_windows,unknown_no_field_log,not_verified
CBUCF_titanSMA_1614_20230522_202000_01,2023-05-22,individual_export,LB,CBUCF,10,unknown,,,data/accelerometer/2023-05-22/CBUCF_titanSMA_1614_20230522_202000.seed,2023-05-22T20:20:00.000000Z,2023-05-22T20:40:59.995000Z,2023-05-22T15:20:00-05:00,2023-05-22T15:40:59.995000-05:00,1259.9950000000001,200.0,verified,0,fewer_than_two_time_selected_windows,unknown_no_field_log,not_verified
daily_20230518_01,2023-05-18,daily_triplet,LB,CBUCF,10,unknown,,,data/accelerometer/2023-05-18/LB.CBUCF.10.HNE_titanSMA_1614_20230518_000000.miniseed;data/accelerometer/2023-05-18/LB.CBUCF.10.HNN_titanSMA_1614_20230518_000000.miniseed;data/accelerometer/2023-05-18/LB.CBUCF.10.HNZ_titanSMA_1614_20230518_000000.miniseed,2023-05-18T11:01:39.860000Z,2023-05-18T11:04:17.775000Z,2023-05-18T06:01:39.860000-05:00,2023-05-18T06:04:17.775000-05:00,157.915,200.0,verified,0,fewer_than_two_time_selected_windows,unknown_no_field_log,not_verified
daily_20230518_02,2023-05-18,daily_triplet,LB,CBUCF,10,unknown,,,data/accelerometer/2023-05-18/LB.CBUCF.10.HNE_titanSMA_1614_20230518_000000.miniseed;data/accelerometer/2023-05-18/LB.CBUCF.10.HNN_titanSMA_1614_20230518_000000.miniseed;data/accelerometer/2023-05-18/LB.CBUCF.10.HNZ_titanSMA_1614_20230518_000000.miniseed,2023-05-18T11:04:19.025000Z,2023-05-18T11:08:00.240000Z,2023-05-18T06:04:19.025000-05:00,2023-05-18T06:08:00.240000-05:00,221.215,200.0,verified,0,fewer_than_two_time_selected_windows,unknown_no_field_log,not_verified
daily_20230518_03,2023-05-18,daily_triplet,LB,CBUCF,10,unknown,,,data/accelerometer/2023-05-18/LB.CBUCF.10.HNE_titanSMA_1614_20230518_000000.miniseed;data/accelerometer/2023-05-18/LB.CBUCF.10.HNN_titanSMA_1614_20230518_000000.miniseed;data/accelerometer/2023-05-18/LB.CBUCF.10.HNZ_titanSMA_1614_20230518_000000.miniseed,2023-05-18T11:08:45.350000Z,2023-05-18T11:09:03.880000Z,2023-05-18T06:08:45.350000-05:00,2023-05-18T06:09:03.880000-05:00,18.53,200.0,verified,0,fewer_than_two_time_selected_windows,unknown_no_field_log,not_verified
daily_20230519_01,2023-05-19,daily_triplet,LB,CBUCF,10,unknown,,,data/accelerometer/2023-05-19/LB.CBUCF.10.HNE_titanSMA_1614_20230519_000000.miniseed;data/accelerometer/2023-05-19/LB.CBUCF.10.HNN_titanSMA_1614_20230519_000000.miniseed;data/accelerometer/2023-05-19/LB.CBUCF.10.HNZ_titanSMA_1614_20230519_000000.miniseed,2023-05-19T21:33:20.570000Z,2023-05-19T21:35:23.765000Z,2023-05-19T16:33:20.570000-05:00,2023-05-19T16:35:23.765000-05:00,123.19500000000001,200.0,verified,0,fewer_than_two_time_selected_windows,unknown_no_field_log,not_verified
daily_20230519_02,2023-05-19,daily_triplet,LB,CBUCF,10,unknown,,,data/accelerometer/2023-05-19/LB.CBUCF.10.HNE_titanSMA_1614_20230519_000000.miniseed;data/accelerometer/2023-05-19/LB.CBUCF.10.HNN_titanSMA_1614_20230519_000000.miniseed;data/accelerometer/2023-05-19/LB.CBUCF.10.HNZ_titanSMA_1614_20230519_000000.miniseed,2023-05-19T21:35:24.665000Z,2023-05-19T21:58:45.115000Z,2023-05-19T16:35:24.665000-05:00,2023-05-19T16:58:45.115000-05:00,1400.45,200.0,verified,0,fewer_than_two_time_selected_windows,unknown_no_field_log,not_verified
daily_20230519_03,2023-05-19,daily_triplet,LB,CBUCF,10,unknown,,,data/accelerometer/2023-05-19/LB.CBUCF.10.HNE_titanSMA_1614_20230519_000000.miniseed;data/accelerometer/2023-05-19/LB.CBUCF.10.HNN_titanSMA_1614_20230519_000000.miniseed;data/accelerometer/2023-05-19/LB.CBUCF.10.HNZ_titanSMA_1614_20230519_000000.miniseed,2023-05-19T22:09:38.415000Z,2023-05-19T22:09:48.730000Z,2023-05-19T17:09:38.415000-05:00,2023-05-19T17:09:48.730000-05:00,10.315,200.0,verified,0,fewer_than_two_time_selected_windows,unknown_no_field_log,not_verified
daily_20230519_04,2023-05-19,daily_triplet,LB,CBUCF,10,unknown,,,data/accelerometer/2023-05-19/LB.CBUCF.10.HNE_titanSMA_1614_20230519_000000.miniseed;data/accelerometer/2023-05-19/LB.CBUCF.10.HNN_titanSMA_1614_20230519_000000.miniseed;data/accelerometer/2023-05-19/LB.CBUCF.10.HNZ_titanSMA_1614_20230519_000000.miniseed,2023-05-19T22:09:49.365000Z,2023-05-19T22:32:53.045000Z,2023-05-19T17:09:49.365000-05:00,2023-05-19T17:32:53.045000-05:00,1383.68,200.0,verified,0,fewer_than_two_time_selected_windows,unknown_no_field_log,not_verified
daily_20230519_05,2023-05-19,daily_triplet,LB,CBUCF,10,unknown,,,data/accelerometer/2023-05-19/LB.CBUCF.10.HNE_titanSMA_1614_20230519_000000.miniseed;data/accelerometer/2023-05-19/LB.CBUCF.10.HNN_titanSMA_1614_20230519_000000.miniseed;data/accelerometer/2023-05-19/LB.CBUCF.10.HNZ_titanSMA_1614_20230519_000000.miniseed,2023-05-19T22:46:28.185000Z,2023-05-19T23:13:35.015000Z,2023-05-19T17:46:28.185000-05:00,2023-05-19T18:13:35.015000-05:00,1626.83,200.0,verified,0,fewer_than_two_time_selected_windows,unknown_no_field_log,not_verified
daily_20230519_06,2023-05-19,daily_triplet,LB,CBUCF,10,unknown,,,data/accelerometer/2023-05-19/LB.CBUCF.10.HNE_titanSMA_1614_20230519_000000.miniseed;data/accelerometer/2023-05-19/LB.CBUCF.10.HNN_titanSMA_1614_20230519_000000.miniseed;data/accelerometer/2023-05-19/LB.CBUCF.10.HNZ_titanSMA_1614_20230519_000000.miniseed,2023-05-19T23:21:07.205000Z,2023-05-19T23:25:08.850000Z,2023-05-19T18:21:07.205000-05:00,2023-05-19T18:25:08.850000-05:00,241.645,200.0,verified,0,fewer_than_two_time_selected_windows,unknown_no_field_log,not_verified
daily_20230519_07,2023-05-19,daily_triplet,LB,CBUCF,10,unknown,,,data/accelerometer/2023-05-19/LB.CBUCF.10.HNE_titanSMA_1614_20230519_000000.miniseed;data/accelerometer/2023-05-19/LB.CBUCF.10.HNN_titanSMA_1614_20230519_000000.miniseed;data/accelerometer/2023-05-19/LB.CBUCF.10.HNZ_titanSMA_1614_20230519_000000.miniseed,2023-05-19T23:27:38.880000Z,2023-05-19T23:55:51.355000Z,2023-05-19T18:27:38.880000-05:00,2023-05-19T18:55:51.355000-05:00,1692.4750000000001,200.0,verified,0,fewer_than_two_time_selected_windows,unknown_no_field_log,not_verified
daily_20230520_01,2023-05-20,daily_triplet,LB,CBUCF,10,unknown,,,data/accelerometer/2023-05-20/LB.CBUCF.10.HNE_titanSMA_1614_20230520_000000.miniseed;data/accelerometer/2023-05-20/LB.CBUCF.10.HNN_titanSMA_1614_20230520_000000.miniseed;data/accelerometer/2023-05-20/LB.CBUCF.10.HNZ_titanSMA_1614_20230520_000000.miniseed,2023-05-20T10:36:39.235000Z,2023-05-20T10:38:42.770000Z,2023-05-20T05:36:39.235000-05:00,2023-05-20T05:38:42.770000-05:00,123.535,200.0,verified,0,fewer_than_two_time_selected_windows,unknown_no_field_log,not_verified
daily_20230520_02,2023-05-20,daily_triplet,LB,CBUCF,10,unknown,,,data/accelerometer/2023-05-20/LB.CBUCF.10.HNE_titanSMA_1614_20230520_000000.miniseed;data/accelerometer/2023-05-20/LB.CBUCF.10.HNN_titanSMA_1614_20230520_000000.miniseed;data/accelerometer/2023-05-20/LB.CBUCF.10.HNZ_titanSMA_1614_20230520_000000.miniseed,2023-05-20T10:38:44.295000Z,2023-05-20T11:00:44.795000Z,2023-05-20T05:38:44.295000-05:00,2023-05-20T06:00:44.795000-05:00,1320.5,200.0,verified,0,fewer_than_two_time_selected_windows,unknown_no_field_log,not_verified
daily_20230520_03,2023-05-20,daily_triplet,LB,CBUCF,10,unknown,,,data/accelerometer/2023-05-20/LB.CBUCF.10.HNE_titanSMA_1614_20230520_000000.miniseed;data/accelerometer/2023-05-20/LB.CBUCF.10.HNN_titanSMA_1614_20230520_000000.miniseed;data/accelerometer/2023-05-20/LB.CBUCF.10.HNZ_titanSMA_1614_20230520_000000.miniseed,2023-05-20T11:07:41.550000Z,2023-05-20T11:31:56.215000Z,2023-05-20T06:07:41.550000-05:00,2023-05-20T06:31:56.215000-05:00,1454.665,200.0,verified,0,fewer_than_two_time_selected_windows,unknown_no_field_log,not_verified
daily_20230520_04,2023-05-20,daily_triplet,LB,CBUCF,10,unknown,,,data/accelerometer/2023-05-20/LB.CBUCF.10.HNE_titanSMA_1614_20230520_000000.miniseed;data/accelerometer/2023-05-20/LB.CBUCF.10.HNN_titanSMA_1614_20230520_000000.miniseed;data/accelerometer/2023-05-20/LB.CBUCF.10.HNZ_titanSMA_1614_20230520_000000.miniseed,2023-05-20T11:35:59.605000Z,2023-05-20T11:57:58.960000Z,2023-05-20T06:35:59.605000-05:00,2023-05-20T06:57:58.960000-05:00,1319.355,200.0,verified,0,fewer_than_two_time_selected_windows,unknown_no_field_log,not_verified
daily_20230520_05,2023-05-20,daily_triplet,LB,CBUCF,10,unknown,,,data/accelerometer/2023-05-20/LB.CBUCF.10.HNE_titanSMA_1614_20230520_000000.miniseed;data/accelerometer/2023-05-20/LB.CBUCF.10.HNN_titanSMA_1614_20230520_000000.miniseed;data/accelerometer/2023-05-20/LB.CBUCF.10.HNZ_titanSMA_1614_20230520_000000.miniseed,2023-05-20T12:03:07.710000Z,2023-05-20T12:24:57.705000Z,2023-05-20T07:03:07.710000-05:00,2023-05-20T07:24:57.705000-05:00,1309.9950000000001,200.0,verified,0,fewer_than_two_time_selected_windows,unknown_no_field_log,not_verified
daily_20230520_06,2023-05-20,daily_triplet,LB,CBUCF,10,unknown,,,data/accelerometer/2023-05-20/LB.CBUCF.10.HNE_titanSMA_1614_20230520_000000.miniseed;data/accelerometer/2023-05-20/LB.CBUCF.10.HNN_titanSMA_1614_20230520_000000.miniseed;data/accelerometer/2023-05-20/LB.CBUCF.10.HNZ_titanSMA_1614_20230520_000000.miniseed,2023-05-20T12:33:34.925000Z,2023-05-20T12:37:01.770000Z,2023-05-20T07:33:34.925000-05:00,2023-05-20T07:37:01.770000-05:00,206.845,200.0,verified,0,fewer_than_two_time_selected_windows,unknown_no_field_log,not_verified
daily_20230520_07,2023-05-20,daily_triplet,LB,CBUCF,10,unknown,,,data/accelerometer/2023-05-20/LB.CBUCF.10.HNE_titanSMA_1614_20230520_000000.miniseed;data/accelerometer/2023-05-20/LB.CBUCF.10.HNN_titanSMA_1614_20230520_000000.miniseed;data/accelerometer/2023-05-20/LB.CBUCF.10.HNZ_titanSMA_1614_20230520_000000.miniseed,2023-05-20T12:37:04.045000Z,2023-05-20T12:58:04.320000Z,2023-05-20T07:37:04.045000-05:00,2023-05-20T07:58:04.320000-05:00,1260.275,200.0,verified,0,fewer_than_two_time_selected_windows,unknown_no_field_log,not_verified
daily_20230520_08,2023-05-20,daily_triplet,LB,CBUCF,10,unknown,,,data/accelerometer/2023-05-20/LB.CBUCF.10.HNE_titanSMA_1614_20230520_000000.miniseed;data/accelerometer/2023-05-20/LB.CBUCF.10.HNN_titanSMA_1614_20230520_000000.miniseed;data/accelerometer/2023-05-20/LB.CBUCF.10.HNZ_titanSMA_1614_20230520_000000.miniseed,2023-05-20T20:05:55.975000Z,2023-05-20T20:10:09.905000Z,2023-05-20T15:05:55.975000-05:00,2023-05-20T15:10:09.905000-05:00,253.93,200.0,verified,0,fewer_than_two_time_selected_windows,unknown_no_field_log,not_verified
daily_20230520_09,2023-05-20,daily_triplet,LB,CBUCF,10,unknown,,,data/accelerometer/2023-05-20/LB.CBUCF.10.HNE_titanSMA_1614_20230520_000000.miniseed;data/accelerometer/2023-05-20/LB.CBUCF.10.HNN_titanSMA_1614_20230520_000000.miniseed;data/accelerometer/2023-05-20/LB.CBUCF.10.HNZ_titanSMA_1614_20230520_000000.miniseed,2023-05-20T20:13:02.815000Z,2023-05-20T20:13:27.765000Z,2023-05-20T15:13:02.815000-05:00,2023-05-20T15:13:27.765000-05:00,24.95,200.0,verified,0,fewer_than_two_time_selected_windows,unknown_no_field_log,not_verified
daily_20230520_10,2023-05-20,daily_triplet,LB,CBUCF,10,unknown,,,data/accelerometer/2023-05-20/LB.CBUCF.10.HNE_titanSMA_1614_20230520_000000.miniseed;data/accelerometer/2023-05-20/LB.CBUCF.10.HNN_titanSMA_1614_20230520_000000.miniseed;data/accelerometer/2023-05-20/LB.CBUCF.10.HNZ_titanSMA_1614_20230520_000000.miniseed,2023-05-20T20:13:28.870000Z,2023-05-20T20:35:09.875000Z,2023-05-20T15:13:28.870000-05:00,2023-05-20T15:35:09.875000-05:00,1301.005,200.0,verified,1,fewer_than_two_time_selected_windows,unknown_no_field_log,not_verified
daily_20230520_11,2023-05-20,daily_triplet,LB,CBUCF,10,unknown,,,data/accelerometer/2023-05-20/LB.CBUCF.10.HNE_titanSMA_1614_20230520_000000.miniseed;data/accelerometer/2023-05-20/LB.CBUCF.10.HNN_titanSMA_1614_20230520_000000.miniseed;data/accelerometer/2023-05-20/LB.CBUCF.10.HNZ_titanSMA_1614_20230520_000000.miniseed,2023-05-20T20:42:58.805000Z,2023-05-20T21:04:55.635000Z,2023-05-20T15:42:58.805000-05:00,2023-05-20T16:04:55.635000-05:00,1316.83,200.0,verified,0,fewer_than_two_time_selected_windows,unknown_no_field_log,not_verified
daily_20230520_12,2023-05-20,daily_triplet,LB,CBUCF,10,unknown,,,data/accelerometer/2023-05-20/LB.CBUCF.10.HNE_titanSMA_1614_20230520_000000.miniseed;data/accelerometer/2023-05-20/LB.CBUCF.10.HNN_titanSMA_1614_20230520_000000.miniseed;data/accelerometer/2023-05-20/LB.CBUCF.10.HNZ_titanSMA_1614_20230520_000000.miniseed,2023-05-20T21:16:37.105000Z,2023-05-20T21:38:40.005000Z,2023-05-20T16:16:37.105000-05:00,2023-05-20T16:38:40.005000-05:00,1322.9,200.0,verified,0,fewer_than_two_time_selected_windows,unknown_no_field_log,not_verified
daily_20230520_13,2023-05-20,daily_triplet,LB,CBUCF,10,unknown,,,data/accelerometer/2023-05-20/LB.CBUCF.10.HNE_titanSMA_1614_20230520_000000.miniseed;data/accelerometer/2023-05-20/LB.CBUCF.10.HNN_titanSMA_1614_20230520_000000.miniseed;data/accelerometer/2023-05-20/LB.CBUCF.10.HNZ_titanSMA_1614_20230520_000000.miniseed,2023-05-20T21:46:29.235000Z,2023-05-20T21:48:08.720000Z,2023-05-20T16:46:29.235000-05:00,2023-05-20T16:48:08.720000-05:00,99.485,200.0,verified,0,fewer_than_two_time_selected_windows,unknown_no_field_log,not_verified
daily_20230520_14,2023-05-20,daily_triplet,LB,CBUCF,10,unknown,,,data/accelerometer/2023-05-20/LB.CBUCF.10.HNE_titanSMA_1614_20230520_000000.miniseed;data/accelerometer/2023-05-20/LB.CBUCF.10.HNN_titanSMA_1614_20230520_000000.miniseed;data/accelerometer/2023-05-20/LB.CBUCF.10.HNZ_titanSMA_1614_20230520_000000.miniseed,2023-05-20T21:48:09.385000Z,2023-05-20T21:54:44.605000Z,2023-05-20T16:48:09.385000-05:00,2023-05-20T16:54:44.605000-05:00,395.22,200.0,verified,0,fewer_than_two_time_selected_windows,unknown_no_field_log,not_verified
daily_20230522_01,2023-05-22,daily_triplet,LB,CBUCF,10,unknown,,,data/accelerometer/2023-05-22/LB.CBUCF.10.HNE_titanSMA_1614_20230522_000000.miniseed;data/accelerometer/2023-05-22/LB.CBUCF.10.HNN_titanSMA_1614_20230522_000000.miniseed;data/accelerometer/2023-05-22/LB.CBUCF.10.HNZ_titanSMA_1614_20230522_000000.miniseed,2023-05-22T19:16:40.545000Z,2023-05-22T19:18:53.770000Z,2023-05-22T14:16:40.545000-05:00,2023-05-22T14:18:53.770000-05:00,133.225,200.0,verified,0,fewer_than_two_time_selected_windows,unknown_no_field_log,not_verified
daily_20230522_02,2023-05-22,daily_triplet,LB,CBUCF,10,unknown,,,data/accelerometer/2023-05-22/LB.CBUCF.10.HNE_titanSMA_1614_20230522_000000.miniseed;data/accelerometer/2023-05-22/LB.CBUCF.10.HNN_titanSMA_1614_20230522_000000.miniseed;data/accelerometer/2023-05-22/LB.CBUCF.10.HNZ_titanSMA_1614_20230522_000000.miniseed,2023-05-22T19:18:55.205000Z,2023-05-22T19:38:15.455000Z,2023-05-22T14:18:55.205000-05:00,2023-05-22T14:38:15.455000-05:00,1160.25,200.0,verified,1,fewer_than_two_time_selected_windows,unknown_no_field_log,not_verified
daily_20230522_03,2023-05-22,daily_triplet,LB,CBUCF,10,unknown,,,data/accelerometer/2023-05-22/LB.CBUCF.10.HNE_titanSMA_1614_20230522_000000.miniseed;data/accelerometer/2023-05-22/LB.CBUCF.10.HNN_titanSMA_1614_20230522_000000.miniseed;data/accelerometer/2023-05-22/LB.CBUCF.10.HNZ_titanSMA_1614_20230522_000000.miniseed,2023-05-22T19:43:05.980000Z,2023-05-22T20:08:28.295000Z,2023-05-22T14:43:05.980000-05:00,2023-05-22T15:08:28.295000-05:00,1522.315,200.0,verified,0,fewer_than_two_time_selected_windows,unknown_no_field_log,not_verified
daily_20230522_04,2023-05-22,daily_triplet,LB,CBUCF,10,unknown,,,data/accelerometer/2023-05-22/LB.CBUCF.10.HNE_titanSMA_1614_20230522_000000.miniseed;data/accelerometer/2023-05-22/LB.CBUCF.10.HNN_titanSMA_1614_20230522_000000.miniseed;data/accelerometer/2023-05-22/LB.CBUCF.10.HNZ_titanSMA_1614_20230522_000000.miniseed,2023-05-22T20:18:54.910000Z,2023-05-22T20:40:30.730000Z,2023-05-22T15:18:54.910000-05:00,2023-05-22T15:40:30.730000-05:00,1295.82,200.0,verified,0,fewer_than_two_time_selected_windows,unknown_no_field_log,not_verified
