source,sha256,canonical_file,status
Datos Acelerografo/LB.CBUCF.10.HNE_titanSMA_1614_20230518_000000.miniseed,6452882d678431fb9af69c4bb9f46a01fadf3d6572bb808ec139fdbdeb75bb5d,data/accelerometer/2023-05-18/LB.CBUCF.10.HNE_titanSMA_1614_20230518_000000.miniseed,byte_identical
Datos Acelerografo/LB.CBUCF.10.HNE_titanSMA_1614_20230519_000000.miniseed,80f668773ecaf91a13f684a0c6396705951a1f095e20d0bbad1f20835ee8433f,data/accelerometer/2023-05-19/LB.CBUCF.10.HNE_titanSMA_1614_20230519_000000.miniseed,byte_identical
Datos Acelerografo/LB.CBUCF.10.HNE_titanSMA_1614_20230520_000000.miniseed,bfecd8823846d53ee3bc2dd1f862aacc4ee115bd1546725a54e5ec16889a39fa,data/accelerometer/2023-05-20/LB.CBUCF.10.HNE_titanSMA_1614_20230520_000000.miniseed,byte_identical
Datos Acelerografo/LB.CBUCF.10.HNE_titanSMA_1614_20230522_000000.miniseed.part,a54d037a7d1d7eb896c48fe3fcfc23031497aadfd2b6ccfc58bf53402fd8a0d7,data/accelerometer/2023-05-22/LB.CBUCF.10.HNE_titanSMA_1614_20230522_000000.miniseed,byte_identical
Datos Acelerografo/LB.CBUCF.10.HNN_titanSMA_1614_20230518_000000.miniseed,796e7755306e3f718f17d97f9409b447bb76c78f12f535b107ebbf261cb03664,data/accelerometer/2023-05-18/LB.CBUCF.10.HNN_titanSMA_1614_20230518_000000.miniseed,byte_identical
Datos Acelerografo/LB.CBUCF.10.HNN_titanSMA_1614_20230519_000000.miniseed,5028a895fcb2990e62c40e6916b818102f8844d82aae8d586e33d4114b523605,data/accelerometer/2023-05-19/LB.CBUCF.10.HNN_titanSMA_1614_20230519_000000.miniseed,byte_identical
Datos Acelerografo/LB.CBUCF.10.HNN_titanSMA_1614_20230520_000000.miniseed,7005e27dbb1a75a3e4aa1936e196a0e4d252bc07fcc781dd054f9c0eae89c60f,data/accelerometer/2023-05-20/LB.CBUCF.10.HNN_titanSMA_1614_20230520_000000.miniseed,byte_identical
Datos Acelerografo/LB.CBUCF.10.HNN_titanSMA_1614_20230522_000000.miniseed.part,2651c2d7b813d61fb68eb710d8a05bd073c161873956e1beffdcb2a4f4a4a89e,data/accelerometer/2023-05-22/LB.CBUCF.10.HNN_titanSMA_1614_20230522_000000.miniseed,byte_identical
Datos Acelerografo/LB.CBUCF.10.HNZ_titanSMA_1614_20230518_000000.miniseed,cd5134cb27a000a1b68c6e27a4f78a7fb05ecb5c02c75f0c1b486745f3d7fb41,data/accelerometer/2023-05-18/LB.CBUCF.10.HNZ_titanSMA_1614_20230518_000000.miniseed,byte_identical
Datos Acelerografo/LB.CBUCF.10.HNZ_titanSMA_1614_20230519_000000.miniseed,4a914d8a1b7c173c4212a9a6db86e078fffe37c55d504904a8171d3e76a49c48,data/accelerometer/2023-05-19/LB.CBUCF.10.HNZ_titanSMA_1614_20230519_000000.miniseed,byte_identical
Datos Acelerografo/LB.CBUCF.10.HNZ_titanSMA_1614_20230520_000000.miniseed,e28ceaa2dfcf81af6cd99908c912dcf29896b019bef9cd69a4164a9c84b889a1,data/accelerometer/2023-05-20/LB.CBUCF.10.HNZ_titanSMA_1614_20230520_000000.miniseed,byte_identical
Datos Acelerografo/LB.CBUCF.10.HNZ_titanSMA_1614_20230522_000000.miniseed.part,cee4b93008a52e0a4747a73838a198fb39e613ee272a628f6b2bc46c5621998e,data/accelerometer/2023-05-22/LB.CBUCF.10.HNZ_titanSMA_1614_20230522_000000.miniseed,byte_identical
Datos Acelerografo/Registro  may 20.zip::Registro  may 20/CBUCF_titanSMA_1614_20230520_103800.seed,a536ecc401469f30a581f228ba0f23856c8de03bb5b9034289525a4c532a8bd0,data/accelerometer/2023-05-20/CBUCF_titanSMA_1614_20230520_103800.seed,byte_identical
Datos Acelerografo/Registro  may 20.zip::Registro  may 20/CBUCF_titanSMA_1614_20230520_110900.seed,cd6923e914bf7897b428fea12e3ba61f2c7f36f9ccaede6dddadf58de9fa7a85,data/accelerometer/2023-05-20/CBUCF_titanSMA_1614_20230520_110900.seed,byte_identical
Datos Acelerografo/Registro  may 20.zip::Registro  may 20/CBUCF_titanSMA_1614_20230520_113700.seed,316146044d626329d2ac9abe6525af66e97ba14d4d0da02760ce1c437ee1f4be,data/accelerometer/2023-05-20/CBUCF_titanSMA_1614_20230520_113700.seed,byte_identical
Datos Acelerografo/Registro  may 20.zip::Registro  may 20/CBUCF_titanSMA_1614_20230520_120500.seed,8ca38d90c04f774f4e2855c1b8d2d3a49265049e02fbf950fac15099222d4bec,data/accelerometer/2023-05-20/CBUCF_titanSMA_1614_20230520_120500.seed,byte_identical
Datos Acelerografo/Registro  may 20.zip::Registro  may 20/CBUCF_titanSMA_1614_20230520_123500.seed,69db3ae69f171b61e73b0bf81ee5e554a8d69c34dc59fd3ca1281c90e2ed7b37,data/accelerometer/2023-05-20/CBUCF_titanSMA_1614_20230520_123500.seed,byte_identical
Datos Acelerografo/Registro  may 20.zip::Registro  may 20/CBUCF_titanSMA_1614_20230520_200700.seed,f8fd77ac377b66c6c9c60d8e825f7922c3b368b7a2b7f1d13d23206931756296,data/accelerometer/2023-05-20/CBUCF_titanSMA_1614_20230520_200700.seed,byte_identical
Datos Acelerografo/Registro  may 20.zip::Registro  may 20/CBUCF_titanSMA_1614_20230520_204400.seed,72cd76a4d3eb9bacfd97e0187c4d59e7660670a84dde9c03b490ac1782201025,data/accelerometer/2023-05-20/CBUCF_titanSMA_1614_20230520_204400.seed,byte_identical
Datos Acelerografo/Registro  may 20.zip::Registro  may 20/CBUCF_titanSMA_1614_20230520_211800.seed,5bc80b220b84dbbe74c37a2d0fa5d37929457b184d71778f4c88060a9ef8d198,data/accelerometer/2023-05-20/CBUCF_titanSMA_1614_20230520_211800.seed,byte_identical
Datos Acelerografo/Registro May 22.zip::Registro May 22/CBUCF_titanSMA_1614_20230522_191800.seed,18649ca1503080b0b82e6a927fdb86eb54b918cd5aa590355216af276b7737a7,data/accelerometer/2023-05-22/CBUCF_titanSMA_1614_20230522_191800.seed,byte_identical
Datos Acelerografo/Registro May 22.zip::Registro May 22/CBUCF_titanSMA_1614_20230522_194500.seed,15db86bea146578721ec6936e1abbe586bba3d10e8384523cd1a90453fb0a1a7,data/accelerometer/2023-05-22/CBUCF_titanSMA_1614_20230522_194500.seed,byte_identical
Datos Acelerografo/Registro May 22.zip::Registro May 22/CBUCF_titanSMA_1614_20230522_202000.seed,0307d61c81bd28a9a98142684c3edf302c693c9b95aefbcdba691e29807c80f8,data/accelerometer/2023-05-22/CBUCF_titanSMA_1614_20230522_202000.seed,byte_identical
Datos Acelerografo/Registro de archivos acelerografo triaxial/Mayo 20/LB.CBUCF.10.HNE_titanSMA_1614_20230520_000000.miniseed,bfecd8823846d53ee3bc2dd1f862aacc4ee115bd1546725a54e5ec16889a39fa,data/accelerometer/2023-05-20/LB.CBUCF.10.HNE_titanSMA_1614_20230520_000000.miniseed,byte_identical
Datos Acelerografo/Registro de archivos acelerografo triaxial/Mayo 20/LB.CBUCF.10.HNN_titanSMA_1614_20230520_000000.miniseed,7005e27dbb1a75a3e4aa1936e196a0e4d252bc07fcc781dd054f9c0eae89c60f,data/accelerometer/2023-05-20/LB.CBUCF.10.HNN_titanSMA_1614_20230520_000000.miniseed,byte_identical
Datos Acelerografo/Registro de archivos acelerografo triaxial/Mayo 20/LB.CBUCF.10.HNZ_titanSMA_1614_20230520_000000.miniseed,e28ceaa2dfcf81af6cd99908c912dcf29896b019bef9cd69a4164a9c84b889a1,data/accelerometer/2023-05-20/LB.CBUCF.10.HNZ_titanSMA_1614_20230520_000000.miniseed,byte_identical
Datos Acelerografo/Registro de archivos acelerografo triaxial/Mayo 22/LB.CBUCF.10.HNE_titanSMA_1614_20230522_000000.miniseed,a54d037a7d1d7eb896c48fe3fcfc23031497aadfd2b6ccfc58bf53402fd8a0d7,data/accelerometer/2023-05-22/LB.CBUCF.10.HNE_titanSMA_1614_20230522_000000.miniseed,byte_identical
Datos Acelerografo/Registro de archivos acelerografo triaxial/Mayo 22/LB.CBUCF.10.HNN_titanSMA_1614_20230522_000000.miniseed,2651c2d7b813d61fb68eb710d8a05bd073c161873956e1beffdcb2a4f4a4a89e,data/accelerometer/2023-05-22/LB.CBUCF.10.HNN_titanSMA_1614_20230522_000000.miniseed,byte_identical
Datos Acelerografo/Registro de archivos acelerografo triaxial/Mayo 22/LB.CBUCF.10.HNZ_titanSMA_1614_20230522_000000.miniseed,cee4b93008a52e0a4747a73838a198fb39e613ee272a628f6b2bc46c5621998e,data/accelerometer/2023-05-22/LB.CBUCF.10.HNZ_titanSMA_1614_20230522_000000.miniseed,byte_identical
Datos Acelerografo/Registro de archivos acelerografo triaxial/Registro  may 20.zip::Registro  may 20/CBUCF_titanSMA_1614_20230520_120239.seed,11e21936eb2d408e4904348c5500e7b219b823a7dc80672205fed61bcfef69c1,data/accelerometer/2023-05-20/CBUCF_titanSMA_1614_20230520_120239.seed,byte_identical
Datos Acelerografo/Registro de archivos acelerografo triaxial/Registro  may 20.zip::Registro  may 20/CBUCF_titanSMA_1614_20230520_201224.seed,fe9c5187db6d7752b906e07d90a7c501c42cb66e6fc2943a34b02350e70d0e7e,data/accelerometer/2023-05-20/CBUCF_titanSMA_1614_20230520_201224.seed,byte_identical
Datos Acelerografo/Registro de archivos acelerografo triaxial/Registro  may 20.zip::Registro  may 20/CBUCF_titanSMA_1614_20230520_211616.seed,eedc7d1d1116fa201580ef45c9fedd3691228ecc7684cc3502d8d75c9f1c2150,data/accelerometer/2023-05-20/CBUCF_titanSMA_1614_20230520_211616.seed,byte_identical
Datos Acelerografo/Registro de archivos acelerografo triaxial/Registro May 22.zip::Registro May 22/CBUCF_titanSMA_1614_20230522_191559.seed,0875c7038f2fe145589c45064e98403b32e00ff373f2f369dc21e108fdb2f679,data/accelerometer/2023-05-22/CBUCF_titanSMA_1614_20230522_191559.seed,byte_identical
Datos Acelerografo/Registro de archivos acelerografo triaxial/Registro May 22.zip::Registro May 22/CBUCF_titanSMA_1614_20230522_194232.seed,b6d95f6a404dfebb702da2c98c026b9995a703499b6f492c7b425fe6c6e054a3,data/accelerometer/2023-05-22/CBUCF_titanSMA_1614_20230522_194232.seed,byte_identical
Datos Acelerografo/Registro de archivos acelerografo triaxial/mayo 19/LB.CBUCF.10.HNE_titanSMA_1614_20230519_000000.miniseed,80f668773ecaf91a13f684a0c6396705951a1f095e20d0bbad1f20835ee8433f,data/accelerometer/2023-05-19/LB.CBUCF.10.HNE_titanSMA_1614_20230519_000000.miniseed,byte_identical
Datos Acelerografo/Registro de archivos acelerografo triaxial/mayo 19/LB.CBUCF.10.HNN_titanSMA_1614_20230519_000000.miniseed,5028a895fcb2990e62c40e6916b818102f8844d82aae8d586e33d4114b523605,data/accelerometer/2023-05-19/LB.CBUCF.10.HNN_titanSMA_1614_20230519_000000.miniseed,byte_identical
Datos Acelerografo/Registro de archivos acelerografo triaxial/mayo 19/LB.CBUCF.10.HNZ_titanSMA_1614_20230519_000000.miniseed,4a914d8a1b7c173c4212a9a6db86e078fffe37c55d504904a8171d3e76a49c48,data/accelerometer/2023-05-19/LB.CBUCF.10.HNZ_titanSMA_1614_20230519_000000.miniseed,byte_identical
Datos Acelerografo/Registro de archivos acelerografo triaxial.rar::Registro de archivos acelerografo triaxial/Mayo 22/LB.CBUCF.10.HNE_titanSMA_1614_20230522_000000.miniseed,a54d037a7d1d7eb896c48fe3fcfc23031497aadfd2b6ccfc58bf53402fd8a0d7,data/accelerometer/2023-05-22/LB.CBUCF.10.HNE_titanSMA_1614_20230522_000000.miniseed,byte_identical
Datos Acelerografo/Registro de archivos acelerografo triaxial.rar::Registro de archivos acelerografo triaxial/Mayo 22/LB.CBUCF.10.HNN_titanSMA_1614_20230522_000000.miniseed,2651c2d7b813d61fb68eb710d8a05bd073c161873956e1beffdcb2a4f4a4a89e,data/accelerometer/2023-05-22/LB.CBUCF.10.HNN_titanSMA_1614_20230522_000000.miniseed,byte_identical
Datos Acelerografo/Registro de archivos acelerografo triaxial.rar::Registro de archivos acelerografo triaxial/Mayo 22/LB.CBUCF.10.HNZ_titanSMA_1614_20230522_000000.miniseed,cee4b93008a52e0a4747a73838a198fb39e613ee272a628f6b2bc46c5621998e,data/accelerometer/2023-05-22/LB.CBUCF.10.HNZ_titanSMA_1614_20230522_000000.miniseed,byte_identical
Datos Acelerografo/Registro de archivos acelerografo triaxial.rar::Registro de archivos acelerografo triaxial/mayo 19/LB.CBUCF.10.HNE_titanSMA_1614_20230519_000000.miniseed,80f668773ecaf91a13f684a0c6396705951a1f095e20d0bbad1f20835ee8433f,data/accelerometer/2023-05-19/LB.CBUCF.10.HNE_titanSMA_1614_20230519_000000.miniseed,byte_identical
Datos Acelerografo/Registro de archivos acelerografo triaxial.rar::Registro de archivos acelerografo triaxial/mayo 19/LB.CBUCF.10.HNN_titanSMA_1614_20230519_000000.miniseed,5028a895fcb2990e62c40e6916b818102f8844d82aae8d586e33d4114b523605,data/accelerometer/2023-05-19/LB.CBUCF.10.HNN_titanSMA_1614_20230519_000000.miniseed,byte_identical
Datos Acelerografo/Registro de archivos acelerografo triaxial.rar::Registro de archivos acelerografo triaxial/mayo 19/LB.CBUCF.10.HNZ_titanSMA_1614_20230519_000000.miniseed,4a914d8a1b7c173c4212a9a6db86e078fffe37c55d504904a8171d3e76a49c48,data/accelerometer/2023-05-19/LB.CBUCF.10.HNZ_titanSMA_1614_20230519_000000.miniseed,byte_identical
Datos Acelerografo/Registro de archivos acelerografo triaxial.rar::Registro de archivos acelerografo triaxial/Mayo 20/LB.CBUCF.10.HNE_titanSMA_1614_20230520_000000.miniseed,bfecd8823846d53ee3bc2dd1f862aacc4ee115bd1546725a54e5ec16889a39fa,data/accelerometer/2023-05-20/LB.CBUCF.10.HNE_titanSMA_1614_20230520_000000.miniseed,byte_identical
Datos Acelerografo/Registro de archivos acelerografo triaxial.rar::Registro de archivos acelerografo triaxial/Mayo 20/LB.CBUCF.10.HNN_titanSMA_1614_20230520_000000.miniseed,7005e27dbb1a75a3e4aa1936e196a0e4d252bc07fcc781dd054f9c0eae89c60f,data/accelerometer/2023-05-20/LB.CBUCF.10.HNN_titanSMA_1614_20230520_000000.miniseed,byte_identical
Datos Acelerografo/Registro de archivos acelerografo triaxial.rar::Registro de archivos acelerografo triaxial/Mayo 20/LB.CBUCF.10.HNZ_titanSMA_1614_20230520_000000.miniseed,e28ceaa2dfcf81af6cd99908c912dcf29896b019bef9cd69a4164a9c84b889a1,data/accelerometer/2023-05-20/LB.CBUCF.10.HNZ_titanSMA_1614_20230520_000000.miniseed,byte_identical
Datos Acelerografo/Registros May 19.zip::Registros May 19/CBUCF_titanSMA_1614_20230519_213500.seed,5212037f4fd378e505a367b5c1056b2884019d6eb67c64db938c8ab7d9724ebe,data/accelerometer/2023-05-19/CBUCF_titanSMA_1614_20230519_213500.seed,byte_identical
Datos Acelerografo/Registros May 19.zip::Registros May 19/CBUCF_titanSMA_1614_20230519_221100.seed,17928191e96156fe71f73e8c90d7d5fa9eca0d9d99fe49bce20ff21db7c54167,data/accelerometer/2023-05-19/CBUCF_titanSMA_1614_20230519_221100.seed,byte_identical
Datos Acelerografo/Registros May 19.zip::Registros May 19/CBUCF_titanSMA_1614_20230519_224800.seed,8381d8d9031c23945fbe47bdac6daa1609d483b6d6716af388b28e184cd382a4,data/accelerometer/2023-05-19/CBUCF_titanSMA_1614_20230519_224800.seed,byte_identical
Datos Acelerografo/Registros May 19.zip::Registros May 19/CBUCF_titanSMA_1614_20230519_232900.seed,1f2b2dd826d07deba3e0b6cd1d6005c878a2e3d6a6e862f1e9a2f4df9ad46526,data/accelerometer/2023-05-19/CBUCF_titanSMA_1614_20230519_232900.seed,byte_identical
